Year,Month,Region,Crop,Market_Demand
2015,1,Sarangarh-Bilaigarh Division,Arhar,4242.29
2015,1,Balod Division,Gram,3277.97
2015,1,Surguja Division,Groundnut,5965.6
2015,1,Balod Division,Jwar,105.92
2015,1,Surguja Division,Kulthi,3210.11
2015,1,Balod Division,Maize,1385.06
2015,1,Bilaspur Division,Masoor,2842.2
2015,1,Bilaspur Division,Millets,1651.52
2015,1,Surguja Division,Mustard,3042.36
2015,1,Bilaspur Division,Niger,4173.98
2015,1,Sarangarh-Bilaigarh Division,Pea,4296.75
2015,1,Balod Division,Rice,125.13
2015,1,Sarangarh-Bilaigarh Division,Soybean,3078.04
2015,1,Balod Division,Summer Paddy,1680.38
2015,1,Sarangarh-Bilaigarh Division,Til,2859.24
2015,1,Balod Division,Tiwra,2113.99
2015,1,Surguja Division,Urd,795.05
2015,1,Bilaspur Division,Wheat,1841.01
2015,1,Sarangarh-Bilaigarh Division,pea,1908.48
2015,2,Bilaspur Division,Arhar,4425.46
2015,2,Surguja Division,Gram,3606.42
2015,2,Sarangarh-Bilaigarh Division,Groundnut,3994.02
2015,2,Sarangarh-Bilaigarh Division,Jwar,1499.52
2015,2,Balod Division,Kulthi,166.81
2015,2,Sarangarh-Bilaigarh Division,Maize,1386.17
2015,2,Bilaspur Division,Masoor,3006.77
2015,2,Surguja Division,Millets,1889.82
2015,2,Bilaspur Division,Mustard,3131.58
2015,2,Bilaspur Division,Niger,4172.82
2015,2,Sarangarh-Bilaigarh Division,Pea,2454.52
2015,2,Surguja Division,Rice,116.0
2015,2,Surguja Division,Soybean,2708.68
2015,2,Raipur Division,Summer Paddy,1544.15
2015,2,Sarangarh-Bilaigarh Division,Til,107.23
2015,2,Surguja Division,Tiwra,2331.5
2015,2,Raipur Division,Urd,3627.22
2015,2,Sarangarh-Bilaigarh Division,Wheat,1745.89
2015,2,Balod Division,pea,2027.92
2015,3,Balod Division,Arhar,3857.35
2015,3,Balod Division,Gram,3228.24
2015,3,Bilaspur Division,Groundnut,2661.59
2015,3,Raipur Division,Jwar,145.42
2015,3,Surguja Division,Kulthi,1322.96
2015,3,Balod Division,Maize,1393.53
2015,3,Balod Division,Masoor,2936.96
2015,3,Balod Division,Millets,1831.08
2015,3,Bilaspur Division,Mustard,2956.93
2015,3,Balod Division,Niger,3802.27
2015,3,Bilaspur Division,Pea,2235.88
2015,3,Surguja Division,Rice,159.75
2015,3,Raipur Division,Soybean,2481.44
2015,3,Sarangarh-Bilaigarh Division,Summer Paddy,1568.88
2015,3,Surguja Division,Til,3503.98
2015,3,Surguja Division,Tiwra,2383.8
2015,3,Balod Division,Urd,3519.48
2015,3,Sarangarh-Bilaigarh Division,Wheat,1789.13
2015,3,Surguja Division,pea,2073.39
2015,4,Surguja Division,Arhar,4170.48
2015,4,Sarangarh-Bilaigarh Division,Gram,3684.34
2015,4,Sarangarh-Bilaigarh Division,Groundnut,193.19
2015,4,Bilaspur Division,Jwar,97.84
2015,4,Raipur Division,Kulthi,141.98
2015,4,Raipur Division,Maize,1431.8
2015,4,Raipur Division,Masoor,2814.73
2015,4,Balod Division,Millets,1991.74
2015,4,Surguja Division,Mustard,3359.24
2015,4,Bilaspur Division,Niger,178.05
2015,4,Raipur Division,Pea,2340.38
2015,4,Raipur Division,Rice,100.08
2015,4,Bilaspur Division,Soybean,3021.23
2015,4,Surguja Division,Summer Paddy,1515.13
2015,4,Raipur Division,Til,174.34
2015,4,Sarangarh-Bilaigarh Division,Tiwra,2508.46
2015,4,Surguja Division,Urd,147.94
2015,4,Bilaspur Division,Wheat,1741.89
2015,4,Bilaspur Division,pea,3237.45
2015,5,Sarangarh-Bilaigarh Division,Arhar,5245.59
2015,5,Balod Division,Gram,3060.05
2015,5,Surguja Division,Groundnut,176.58
2015,5,Balod Division,Jwar,211.48
2015,5,Raipur Division,Kulthi,100.73
2015,5,Surguja Division,Maize,1535.84
2015,5,Sarangarh-Bilaigarh Division,Masoor,3061.51
2015,5,Balod Division,Millets,1946.83
2015,5,Balod Division,Mustard,3034.87
2015,5,Sarangarh-Bilaigarh Division,Niger,6544.05
2015,5,Bilaspur Division,Pea,3333.77
2015,5,Balod Division,Rice,95.45
2015,5,Bilaspur Division,Soybean,141.79
2015,5,Bilaspur Division,Summer Paddy,1571.81
2015,5,Sarangarh-Bilaigarh Division,Til,5802.97
2015,5,Bilaspur Division,Tiwra,2550.69
2015,5,Sarangarh-Bilaigarh Division,Urd,194.09
2015,5,Raipur Division,Wheat,1766.75
2015,5,Balod Division,pea,2722.6
2015,6,Balod Division,Arhar,3945.63
2015,6,Raipur Division,Gram,3214.2
2015,6,Balod Division,Groundnut,222.1
2015,6,Sarangarh-Bilaigarh Division,Jwar,145.3
2015,6,Raipur Division,Kulthi,116.86
2015,6,Bilaspur Division,Maize,1538.56
2015,6,Balod Division,Masoor,2985.2
2015,6,Raipur Division,Millets,2167.59
2015,6,Sarangarh-Bilaigarh Division,Mustard,2973.72
2015,6,Surguja Division,Niger,104.53
2015,6,Balod Division,Pea,172.59
2015,6,Sarangarh-Bilaigarh Division,Rice,164.51
2015,6,Surguja Division,Soybean,189.28
2015,6,Balod Division,Summer Paddy,1522.05
2015,6,Raipur Division,Til,156.94
2015,6,Surguja Division,Tiwra,2619.94
2015,6,Balod Division,Urd,2607.2
2015,6,Raipur Division,Wheat,1776.17
2015,6,Sarangarh-Bilaigarh Division,pea,239.44
2015,7,Surguja Division,Arhar,3738.35
2015,7,Sarangarh-Bilaigarh Division,Gram,2584.88
2015,7,Surguja Division,Groundnut,189.48
2015,7,Balod Division,Jwar,155.57
2015,7,Surguja Division,Kulthi,3788.51
2015,7,Raipur Division,Maize,1348.36
2015,7,Bilaspur Division,Masoor,3554.64
2015,7,Bilaspur Division,Millets,1904.11
2015,7,Bilaspur Division,Mustard,2914.83
2015,7,Bilaspur Division,Niger,104.95
2015,7,Bilaspur Division,Pea,2024.08
2015,7,Raipur Division,Rice,134.55
2015,7,Surguja Division,Soybean,2774.65
2015,7,Bilaspur Division,Summer Paddy,1595.76
2015,7,Raipur Division,Til,119.31
2015,7,Raipur Division,Tiwra,2434.11
2015,7,Sarangarh-Bilaigarh Division,Urd,5025.0
2015,7,Sarangarh-Bilaigarh Division,Wheat,1870.38
2015,7,Sarangarh-Bilaigarh Division,pea,151.73
2015,8,Balod Division,Arhar,3971.56
2015,8,Surguja Division,Gram,3908.89
2015,8,Bilaspur Division,Groundnut,56.78
2015,8,Balod Division,Jwar,114.93
2015,8,Surguja Division,Kulthi,173.68
2015,8,Sarangarh-Bilaigarh Division,Maize,1475.87
2015,8,Sarangarh-Bilaigarh Division,Masoor,3157.8
2015,8,Balod Division,Millets,1988.74
2015,8,Sarangarh-Bilaigarh Division,Mustard,2913.27
2015,8,Bilaspur Division,Niger,133.93
2015,8,Raipur Division,Pea,1689.88
2015,8,Balod Division,Rice,1493.9
2015,8,Bilaspur Division,Soybean,148.8
2015,8,Raipur Division,Summer Paddy,1600.18
2015,8,Raipur Division,Til,82.97
2015,8,Bilaspur Division,Tiwra,2497.05
2015,8,Raipur Division,Urd,144.01
2015,8,Surguja Division,Wheat,1914.06
2015,8,Surguja Division,pea,153.13
2015,9,Sarangarh-Bilaigarh Division,Arhar,4427.85
2015,9,Balod Division,Gram,3625.78
2015,9,Raipur Division,Groundnut,93.37
2015,9,Raipur Division,Jwar,179.09
2015,9,Surguja Division,Kulthi,4122.42
2015,9,Bilaspur Division,Maize,1411.96
2015,9,Surguja Division,Masoor,2997.35
2015,9,Raipur Division,Millets,2283.97
2015,9,Surguja Division,Mustard,3714.85
2015,9,Bilaspur Division,Niger,233.58
2015,9,Sarangarh-Bilaigarh Division,Pea,150.05
2015,9,Bilaspur Division,Rice,154.04
2015,9,Surguja Division,Soybean,2666.29
2015,9,Bilaspur Division,Summer Paddy,1545.12
2015,9,Balod Division,Til,6030.09
2015,9,Sarangarh-Bilaigarh Division,Tiwra,2676.33
2015,9,Sarangarh-Bilaigarh Division,Urd,2612.85
2015,9,Surguja Division,Wheat,1850.29
2015,9,Surguja Division,pea,194.64
2015,10,Bilaspur Division,Arhar,3970.67
2015,10,Surguja Division,Gram,4012.49
2015,10,Bilaspur Division,Groundnut,4253.9
2015,10,Bilaspur Division,Jwar,125.42
2015,10,Surguja Division,Kulthi,136.81
2015,10,Bilaspur Division,Maize,1352.22
2015,10,Sarangarh-Bilaigarh Division,Masoor,3022.62
2015,10,Bilaspur Division,Millets,1642.89
2015,10,Surguja Division,Mustard,3053.92
2015,10,Raipur Division,Niger,158.55
2015,10,Bilaspur Division,Pea,2242.35
2015,10,Balod Division,Rice,190.31
2015,10,Bilaspur Division,Soybean,2687.5
2015,10,Surguja Division,Summer Paddy,1557.25
2015,10,Surguja Division,Til,147.81
2015,10,Raipur Division,Tiwra,2670.93
2015,10,Sarangarh-Bilaigarh Division,Urd,164.65
2015,10,Balod Division,Wheat,1880.99
2015,10,Sarangarh-Bilaigarh Division,pea,141.62
2015,11,Sarangarh-Bilaigarh Division,Arhar,2485.49
2015,11,Sarangarh-Bilaigarh Division,Gram,3720.01
2015,11,Sarangarh-Bilaigarh Division,Groundnut,4007.34
2015,11,Surguja Division,Jwar,119.41
2015,11,Sarangarh-Bilaigarh Division,Kulthi,192.49
2015,11,Raipur Division,Maize,1449.29
2015,11,Surguja Division,Masoor,2524.44
2015,11,Bilaspur Division,Millets,1744.15
2015,11,Surguja Division,Mustard,3722.59
2015,11,Bilaspur Division,Niger,2646.87
2015,11,Raipur Division,Pea,3706.15
2015,11,Sarangarh-Bilaigarh Division,Rice,220.53
2015,11,Surguja Division,Soybean,3005.59
2015,11,Raipur Division,Summer Paddy,1685.87
2015,11,Bilaspur Division,Til,115.99
2015,11,Balod Division,Tiwra,2304.89
2015,11,Surguja Division,Urd,1087.06
2015,11,Sarangarh-Bilaigarh Division,Wheat,1962.45
2015,11,Raipur Division,pea,3976.68
2015,12,Sarangarh-Bilaigarh Division,Arhar,3759.85
2015,12,Balod Division,Gram,3761.05
2015,12,Balod Division,Groundnut,107.9
2015,12,Balod Division,Jwar,115.89
2015,12,Bilaspur Division,Kulthi,200.82
2015,12,Raipur Division,Maize,1356.5
2015,12,Balod Division,Masoor,2838.34
2015,12,Raipur Division,Millets,1587.49
2015,12,Raipur Division,Mustard,3224.96
2015,12,Raipur Division,Niger,168.68
2015,12,Sarangarh-Bilaigarh Division,Pea,2547.79
2015,12,Surguja Division,Rice,143.43
2015,12,Surguja Division,Soybean,2714.3
2015,12,Surguja Division,Summer Paddy,1699.12
2015,12,Balod Division,Til,4046.93
2015,12,Bilaspur Division,Tiwra,2327.34
2015,12,Raipur Division,Urd,165.03
2015,12,Surguja Division,Wheat,1768.76
2015,12,Balod Division,pea,2334.8
2016,1,Raipur Division,Arhar,4238.75
2016,1,Bilaspur Division,Gram,3295.04
2016,1,Sarangarh-Bilaigarh Division,Groundnut,5960.68
2016,1,Surguja Division,Jwar,96.55
2016,1,Bilaspur Division,Kulthi,3188.83
2016,1,Sarangarh-Bilaigarh Division,Maize,1441.37
2016,1,Sarangarh-Bilaigarh Division,Masoor,2806.03
2016,1,Sarangarh-Bilaigarh Division,Millets,1731.95
2016,1,Raipur Division,Mustard,3008.59
2016,1,Surguja Division,Niger,4202.88
2016,1,Sarangarh-Bilaigarh Division,Pea,4321.54
2016,1,Surguja Division,Rice,223.35
2016,1,Bilaspur Division,Soybean,3022.33
2016,1,Surguja Division,Summer Paddy,1703.47
2016,1,Bilaspur Division,Til,2808.27
2016,1,Bilaspur Division,Tiwra,2083.16
2016,1,Surguja Division,Urd,752.64
2016,1,Raipur Division,Wheat,1823.88
2016,1,Bilaspur Division,pea,1950.88
2016,2,Raipur Division,Arhar,4432.67
2016,2,Bilaspur Division,Gram,3621.42
2016,2,Balod Division,Groundnut,4034.21
2016,2,Surguja Division,Jwar,1456.35
2016,2,Raipur Division,Kulthi,118.82
2016,2,Sarangarh-Bilaigarh Division,Maize,1436.29
2016,2,Surguja Division,Masoor,3049.66
2016,2,Surguja Division,Millets,1851.37
2016,2,Surguja Division,Mustard,3181.08
2016,2,Bilaspur Division,Niger,4121.12
2016,2,Surguja Division,Pea,2495.05
2016,2,Raipur Division,Rice,206.02
2016,2,Raipur Division,Soybean,2717.17
2016,2,Bilaspur Division,Summer Paddy,1551.87
2016,2,Bilaspur Division,Til,147.44
2016,2,Balod Division,Tiwra,2376.06
2016,2,Sarangarh-Bilaigarh Division,Urd,3631.64
2016,2,Sarangarh-Bilaigarh Division,Wheat,1772.64
2016,2,Balod Division,pea,2048.39
2016,3,Surguja Division,Arhar,3840.36
2016,3,Bilaspur Division,Gram,3301.34
2016,3,Sarangarh-Bilaigarh Division,Groundnut,2748.05
2016,3,Bilaspur Division,Jwar,148.22
2016,3,Balod Division,Kulthi,1259.1
2016,3,Bilaspur Division,Maize,1372.23
2016,3,Raipur Division,Masoor,3003.37
2016,3,Sarangarh-Bilaigarh Division,Millets,1784.8
2016,3,Bilaspur Division,Mustard,3019.57
2016,3,Surguja Division,Niger,3829.65
2016,3,Bilaspur Division,Pea,2325.99
2016,3,Bilaspur Division,Rice,133.52
2016,3,Surguja Division,Soybean,2548.0
2016,3,Surguja Division,Summer Paddy,1512.87
2016,3,Balod Division,Til,3507.96
2016,3,Balod Division,Tiwra,2368.51
2016,3,Raipur Division,Urd,3496.01
2016,3,Balod Division,Wheat,1710.05
2016,3,Sarangarh-Bilaigarh Division,pea,2062.01
2016,4,Raipur Division,Arhar,4173.01
2016,4,Balod Division,Gram,3714.02
2016,4,Bilaspur Division,Groundnut,132.58
2016,4,Surguja Division,Jwar,94.75
2016,4,Surguja Division,Kulthi,108.05
2016,4,Surguja Division,Maize,1396.08
2016,4,Bilaspur Division,Masoor,2873.67
2016,4,Raipur Division,Millets,2000.34
2016,4,Surguja Division,Mustard,3322.16
2016,4,Bilaspur Division,Niger,192.73
2016,4,Balod Division,Pea,2392.09
2016,4,Surguja Division,Rice,137.09
2016,4,Raipur Division,Soybean,3009.73
2016,4,Sarangarh-Bilaigarh Division,Summer Paddy,1507.58
2016,4,Bilaspur Division,Til,179.12
2016,4,Bilaspur Division,Tiwra,2578.06
2016,4,Balod Division,Urd,146.58
2016,4,Balod Division,Wheat,1742.01
2016,4,Surguja Division,pea,3225.61
2016,5,Balod Division,Arhar,5277.22
2016,5,Raipur Division,Gram,3109.57
2016,5,Sarangarh-Bilaigarh Division,Groundnut,84.22
2016,5,Bilaspur Division,Jwar,126.86
2016,5,Surguja Division,Kulthi,177.27
2016,5,Balod Division,Maize,1514.88
2016,5,Bilaspur Division,Masoor,3002.44
2016,5,Bilaspur Division,Millets,1931.49
2016,5,Raipur Division,Mustard,3056.45
2016,5,Bilaspur Division,Niger,6478.38
2016,5,Sarangarh-Bilaigarh Division,Pea,3314.59
2016,5,Bilaspur Division,Rice,124.26
2016,5,Surguja Division,Soybean,144.12
2016,5,Surguja Division,Summer Paddy,1488.88
2016,5,Sarangarh-Bilaigarh Division,Til,5835.08
2016,5,Raipur Division,Tiwra,2459.09
2016,5,Balod Division,Urd,121.52
2016,5,Bilaspur Division,Wheat,1796.46
2016,5,Balod Division,pea,2736.55
2016,6,Raipur Division,Arhar,3909.07
2016,6,Balod Division,Gram,3232.09
2016,6,Bilaspur Division,Groundnut,162.84
2016,6,Balod Division,Jwar,154.37
2016,6,Bilaspur Division,Kulthi,124.91
2016,6,Raipur Division,Maize,1563.62
2016,6,Sarangarh-Bilaigarh Division,Masoor,2931.48
2016,6,Bilaspur Division,Millets,2226.78
2016,6,Surguja Division,Mustard,3000.61
2016,6,Sarangarh-Bilaigarh Division,Niger,141.45
2016,6,Bilaspur Division,Pea,150.29
2016,6,Bilaspur Division,Rice,181.23
2016,6,Bilaspur Division,Soybean,72.67
2016,6,Raipur Division,Summer Paddy,1518.59
2016,6,Balod Division,Til,157.93
2016,6,Balod Division,Tiwra,2631.81
2016,6,Raipur Division,Urd,2635.07
2016,6,Sarangarh-Bilaigarh Division,Wheat,1868.32
2016,6,Surguja Division,pea,216.92
2016,7,Sarangarh-Bilaigarh Division,Arhar,3687.92
2016,7,Raipur Division,Gram,2657.45
2016,7,Sarangarh-Bilaigarh Division,Groundnut,148.16
2016,7,Raipur Division,Jwar,205.0
2016,7,Balod Division,Kulthi,3766.43
2016,7,Surguja Division,Maize,1340.24
2016,7,Bilaspur Division,Masoor,3589.74
2016,7,Raipur Division,Millets,1898.83
2016,7,Raipur Division,Mustard,2921.63
2016,7,Balod Division,Niger,166.39
2016,7,Raipur Division,Pea,1973.22
2016,7,Raipur Division,Rice,142.33
2016,7,Surguja Division,Soybean,2835.65
2016,7,Balod Division,Summer Paddy,1569.03
2016,7,Balod Division,Til,146.26
2016,7,Sarangarh-Bilaigarh Division,Tiwra,2450.72
2016,7,Surguja Division,Urd,5009.54
2016,7,Balod Division,Wheat,1860.58
2016,7,Raipur Division,pea,106.02
2016,8,Raipur Division,Arhar,3928.35
2016,8,Bilaspur Division,Gram,3901.25
2016,8,Balod Division,Groundnut,135.76
2016,8,Surguja Division,Jwar,145.71
2016,8,Sarangarh-Bilaigarh Division,Kulthi,169.46
2016,8,Surguja Division,Maize,1440.3
2016,8,Sarangarh-Bilaigarh Division,Masoor,3188.89
2016,8,Bilaspur Division,Millets,1926.22
2016,8,Balod Division,Mustard,2969.39
2016,8,Sarangarh-Bilaigarh Division,Niger,181.52
2016,8,Sarangarh-Bilaigarh Division,Pea,1668.16
2016,8,Bilaspur Division,Rice,1484.25
2016,8,Bilaspur Division,Soybean,160.06
2016,8,Surguja Division,Summer Paddy,1545.24
2016,8,Bilaspur Division,Til,112.96
2016,8,Sarangarh-Bilaigarh Division,Tiwra,2532.37
2016,8,Sarangarh-Bilaigarh Division,Urd,176.18
2016,8,Surguja Division,Wheat,1910.99
2016,8,Bilaspur Division,pea,164.57
2016,9,Raipur Division,Arhar,4413.66
2016,9,Surguja Division,Gram,3560.42
2016,9,Raipur Division,Groundnut,187.64
2016,9,Surguja Division,Jwar,232.37
2016,9,Raipur Division,Kulthi,4108.21
2016,9,Balod Division,Maize,1394.75
2016,9,Surguja Division,Masoor,2987.93
2016,9,Surguja Division,Millets,2271.02
2016,9,Sarangarh-Bilaigarh Division,Mustard,3753.78
2016,9,Bilaspur Division,Niger,123.17
2016,9,Raipur Division,Pea,228.65
2016,9,Bilaspur Division,Rice,189.93
2016,9,Balod Division,Soybean,2653.28
2016,9,Balod Division,Summer Paddy,1556.55
2016,9,Raipur Division,Til,5999.84
2016,9,Surguja Division,Tiwra,2728.99
2016,9,Raipur Division,Urd,2678.05
2016,9,Balod Division,Wheat,1858.96
2016,9,Sarangarh-Bilaigarh Division,pea,122.79
2016,10,Raipur Division,Arhar,4046.11
2016,10,Raipur Division,Gram,4061.29
2016,10,Sarangarh-Bilaigarh Division,Groundnut,4303.51
2016,10,Raipur Division,Jwar,110.95
2016,10,Balod Division,Kulthi,160.8
2016,10,Surguja Division,Maize,1388.65
2016,10,Surguja Division,Masoor,3000.54
2016,10,Balod Division,Millets,1586.57
2016,10,Balod Division,Mustard,3095.33
2016,10,Bilaspur Division,Niger,151.55
2016,10,Balod Division,Pea,2215.52
2016,10,Raipur Division,Rice,90.99
2016,10,Balod Division,Soybean,2699.83
2016,10,Bilaspur Division,Summer Paddy,1623.13
2016,10,Bilaspur Division,Til,93.41
2016,10,Sarangarh-Bilaigarh Division,Tiwra,2701.48
2016,10,Surguja Division,Urd,145.97
2016,10,Balod Division,Wheat,1894.09
2016,10,Balod Division,pea,160.06
2016,11,Raipur Division,Arhar,2529.99
2016,11,Balod Division,Gram,3713.75
2016,11,Sarangarh-Bilaigarh Division,Groundnut,3973.82
2016,11,Bilaspur Division,Jwar,229.4
2016,11,Balod Division,Kulthi,240.71
2016,11,Surguja Division,Maize,1478.58
2016,11,Bilaspur Division,Masoor,2476.3
2016,11,Raipur Division,Millets,1720.79
2016,11,Balod Division,Mustard,3699.78
2016,11,Balod Division,Niger,2608.3
2016,11,Sarangarh-Bilaigarh Division,Pea,3700.39
2016,11,Raipur Division,Rice,165.93
2016,11,Bilaspur Division,Soybean,3065.84
2016,11,Balod Division,Summer Paddy,1662.71
2016,11,Sarangarh-Bilaigarh Division,Til,167.58
2016,11,Raipur Division,Tiwra,2290.37
2016,11,Sarangarh-Bilaigarh Division,Urd,1071.95
2016,11,Bilaspur Division,Wheat,2015.14
2016,11,Raipur Division,pea,4004.33
2016,12,Balod Division,Arhar,3811.68
2016,12,Raipur Division,Gram,3731.81
2016,12,Raipur Division,Groundnut,131.03
2016,12,Surguja Division,Jwar,112.06
2016,12,Balod Division,Kulthi,105.4
2016,12,Surguja Division,Maize,1299.25
2016,12,Surguja Division,Masoor,2781.84
2016,12,Bilaspur Division,Millets,1602.97
2016,12,Bilaspur Division,Mustard,3274.32
2016,12,Bilaspur Division,Niger,170.56
2016,12,Bilaspur Division,Pea,2522.02
2016,12,Surguja Division,Rice,64.79
2016,12,Raipur Division,Soybean,2641.65
2016,12,Balod Division,Summer Paddy,1733.56
2016,12,Sarangarh-Bilaigarh Division,Til,4013.31
2016,12,Surguja Division,Tiwra,2328.25
2016,12,Surguja Division,Urd,174.25
2016,12,Bilaspur Division,Wheat,1741.27
2016,12,Bilaspur Division,pea,2261.31
2017,1,Balod Division,Arhar,4165.66
2017,1,Surguja Division,Gram,3260.32
2017,1,Bilaspur Division,Groundnut,5956.82
2017,1,Balod Division,Jwar,114.44
2017,1,Raipur Division,Kulthi,3222.15
2017,1,Balod Division,Maize,1477.93
2017,1,Surguja Division,Masoor,2818.38
2017,1,Bilaspur Division,Millets,1636.45
2017,1,Sarangarh-Bilaigarh Division,Mustard,2996.81
2017,1,Sarangarh-Bilaigarh Division,Niger,4126.64
2017,1,Balod Division,Pea,4354.13
2017,1,Bilaspur Division,Rice,159.76
2017,1,Raipur Division,Soybean,2988.18
2017,1,Raipur Division,Summer Paddy,1683.41
2017,1,Surguja Division,Til,2868.84
2017,1,Bilaspur Division,Tiwra,2073.97
2017,1,Balod Division,Urd,831.91
2017,1,Surguja Division,Wheat,1746.36
2017,1,Balod Division,pea,1879.37
2017,2,Bilaspur Division,Arhar,4405.31
2017,2,Surguja Division,Gram,3592.49
2017,2,Balod Division,Groundnut,4046.21
2017,2,Raipur Division,Jwar,1545.02
2017,2,Raipur Division,Kulthi,122.7
2017,2,Balod Division,Maize,1428.22
2017,2,Surguja Division,Masoor,3025.9
2017,2,Surguja Division,Millets,1862.08
2017,2,Raipur Division,Mustard,3176.94
2017,2,Sarangarh-Bilaigarh Division,Niger,4105.45
2017,2,Bilaspur Division,Pea,2455.16
2017,2,Bilaspur Division,Rice,124.5
2017,2,Raipur Division,Soybean,2668.06
2017,2,Surguja Division,Summer Paddy,1563.37
2017,2,Surguja Division,Til,142.36
2017,2,Bilaspur Division,Tiwra,2366.22
2017,2,Surguja Division,Urd,3597.42
2017,2,Sarangarh-Bilaigarh Division,Wheat,1801.0
2017,2,Bilaspur Division,pea,2060.28
2017,3,Raipur Division,Arhar,3843.35
2017,3,Balod Division,Gram,3276.9
2017,3,Surguja Division,Groundnut,2657.7
2017,3,Surguja Division,Jwar,147.13
2017,3,Sarangarh-Bilaigarh Division,Kulthi,1307.24
2017,3,Raipur Division,Maize,1391.25
2017,3,Raipur Division,Masoor,2998.79
2017,3,Raipur Division,Millets,1843.6
2017,3,Bilaspur Division,Mustard,3021.0
2017,3,Bilaspur Division,Niger,3752.44
2017,3,Bilaspur Division,Pea,2332.37
2017,3,Balod Division,Rice,190.36
2017,3,Balod Division,Soybean,2457.0
2017,3,Sarangarh-Bilaigarh Division,Summer Paddy,1483.39
2017,3,Raipur Division,Til,3490.19
2017,3,Surguja Division,Tiwra,2408.9
2017,3,Sarangarh-Bilaigarh Division,Urd,3548.41
2017,3,Bilaspur Division,Wheat,1705.33
2017,3,Sarangarh-Bilaigarh Division,pea,2117.58
2017,4,Raipur Division,Arhar,4094.38
2017,4,Bilaspur Division,Gram,3692.13
2017,4,Surguja Division,Groundnut,56.0
2017,4,Raipur Division,Jwar,100.11
2017,4,Sarangarh-Bilaigarh Division,Kulthi,166.82
2017,4,Surguja Division,Maize,1375.9
2017,4,Sarangarh-Bilaigarh Division,Masoor,2826.01
2017,4,Balod Division,Millets,2040.37
2017,4,Bilaspur Division,Mustard,3306.7
2017,4,Sarangarh-Bilaigarh Division,Niger,96.66
2017,4,Surguja Division,Pea,2364.96
2017,4,Surguja Division,Rice,145.1
2017,4,Balod Division,Soybean,2967.65
2017,4,Bilaspur Division,Summer Paddy,1490.32
2017,4,Bilaspur Division,Til,162.97
2017,4,Surguja Division,Tiwra,2566.29
2017,4,Raipur Division,Urd,161.55
2017,4,Raipur Division,Wheat,1706.19
2017,4,Bilaspur Division,pea,3190.41
2017,5,Bilaspur Division,Arhar,5307.1
2017,5,Balod Division,Gram,3117.42
2017,5,Surguja Division,Groundnut,126.08
2017,5,Raipur Division,Jwar,225.5
2017,5,Balod Division,Kulthi,164.31
2017,5,Sarangarh-Bilaigarh Division,Maize,1497.67
2017,5,Balod Division,Masoor,3089.32
2017,5,Sarangarh-Bilaigarh Division,Millets,1879.26
2017,5,Raipur Division,Mustard,3055.09
2017,5,Balod Division,Niger,6478.14
2017,5,Sarangarh-Bilaigarh Division,Pea,3287.27
2017,5,Balod Division,Rice,171.93
2017,5,Surguja Division,Soybean,140.34
2017,5,Surguja Division,Summer Paddy,1572.74
2017,5,Bilaspur Division,Til,5799.51
2017,5,Surguja Division,Tiwra,2541.71
2017,5,Balod Division,Urd,152.58
2017,5,Balod Division,Wheat,1825.31
2017,5,Raipur Division,pea,2737.86
2017,6,Balod Division,Arhar,3946.82
2017,6,Sarangarh-Bilaigarh Division,Gram,3235.06
2017,6,Balod Division,Groundnut,99.44
2017,6,Surguja Division,Jwar,187.76
2017,6,Balod Division,Kulthi,141.13
2017,6,Balod Division,Maize,1586.13
2017,6,Raipur Division,Masoor,2922.92
2017,6,Bilaspur Division,Millets,2162.89
2017,6,Balod Division,Mustard,2972.86
2017,6,Bilaspur Division,Niger,215.01
2017,6,Surguja Division,Pea,95.18
2017,6,Surguja Division,Rice,209.81
2017,6,Raipur Division,Soybean,99.25
2017,6,Surguja Division,Summer Paddy,1520.55
2017,6,Balod Division,Til,180.23
2017,6,Bilaspur Division,Tiwra,2631.11
2017,6,Sarangarh-Bilaigarh Division,Urd,2567.95
2017,6,Surguja Division,Wheat,1782.07
2017,6,Sarangarh-Bilaigarh Division,pea,144.46
2017,7,Sarangarh-Bilaigarh Division,Arhar,3680.1
2017,7,Raipur Division,Gram,2660.43
2017,7,Raipur Division,Groundnut,142.81
2017,7,Bilaspur Division,Jwar,142.71
2017,7,Surguja Division,Kulthi,3794.6
2017,7,Balod Division,Maize,1329.68
2017,7,Surguja Division,Masoor,3537.32
2017,7,Surguja Division,Millets,1813.32
2017,7,Balod Division,Mustard,2878.58
2017,7,Bilaspur Division,Niger,112.75
2017,7,Sarangarh-Bilaigarh Division,Pea,1992.62
2017,7,Surguja Division,Rice,188.12
2017,7,Surguja Division,Soybean,2814.37
2017,7,Sarangarh-Bilaigarh Division,Summer Paddy,1598.74
2017,7,Sarangarh-Bilaigarh Division,Til,142.78
2017,7,Raipur Division,Tiwra,2467.64
2017,7,Sarangarh-Bilaigarh Division,Urd,5033.13
2017,7,Surguja Division,Wheat,1845.57
2017,7,Balod Division,pea,175.82
2017,8,Raipur Division,Arhar,3957.07
2017,8,Bilaspur Division,Gram,3846.31
2017,8,Raipur Division,Groundnut,152.02
2017,8,Sarangarh-Bilaigarh Division,Jwar,194.14
2017,8,Raipur Division,Kulthi,214.52
2017,8,Balod Division,Maize,1476.14
2017,8,Sarangarh-Bilaigarh Division,Masoor,3118.45
2017,8,Surguja Division,Millets,1938.12
2017,8,Surguja Division,Mustard,2991.18
2017,8,Bilaspur Division,Niger,191.32
2017,8,Raipur Division,Pea,1650.12
2017,8,Raipur Division,Rice,1510.73
2017,8,Sarangarh-Bilaigarh Division,Soybean,113.08
2017,8,Raipur Division,Summer Paddy,1547.41
2017,8,Surguja Division,Til,156.66
2017,8,Balod Division,Tiwra,2571.51
2017,8,Raipur Division,Urd,58.41
2017,8,Bilaspur Division,Wheat,1888.26
2017,8,Balod Division,pea,205.51
2017,9,Raipur Division,Arhar,4375.21
2017,9,Balod Division,Gram,3560.49
2017,9,Raipur Division,Groundnut,117.37
2017,9,Sarangarh-Bilaigarh Division,Jwar,176.21
2017,9,Bilaspur Division,Kulthi,4107.65
2017,9,Bilaspur Division,Maize,1389.05
2017,9,Raipur Division,Masoor,2985.06
2017,9,Raipur Division,Millets,2319.95
2017,9,Bilaspur Division,Mustard,3714.69
2017,9,Bilaspur Division,Niger,167.83
2017,9,Bilaspur Division,Pea,150.07
2017,9,Sarangarh-Bilaigarh Division,Rice,124.1
2017,9,Balod Division,Soybean,2739.62
2017,9,Raipur Division,Summer Paddy,1636.09
2017,9,Raipur Division,Til,6020.91
2017,9,Bilaspur Division,Tiwra,2700.04
2017,9,Sarangarh-Bilaigarh Division,Urd,2633.95
2017,9,Balod Division,Wheat,1844.17
2017,9,Balod Division,pea,194.24
2017,10,Bilaspur Division,Arhar,4028.38
2017,10,Balod Division,Gram,4009.63
2017,10,Sarangarh-Bilaigarh Division,Groundnut,4323.16
2017,10,Balod Division,Jwar,181.81
2017,10,Sarangarh-Bilaigarh Division,Kulthi,153.13
2017,10,Bilaspur Division,Maize,1359.05
2017,10,Sarangarh-Bilaigarh Division,Masoor,3027.76
2017,10,Surguja Division,Millets,1658.97
2017,10,Balod Division,Mustard,3066.17
2017,10,Bilaspur Division,Niger,148.56
2017,10,Raipur Division,Pea,2249.33
2017,10,Sarangarh-Bilaigarh Division,Rice,137.98
2017,10,Surguja Division,Soybean,2704.34
2017,10,Raipur Division,Summer Paddy,1617.43
2017,10,Raipur Division,Til,209.54
2017,10,Surguja Division,Tiwra,2702.12
2017,10,Surguja Division,Urd,121.7
2017,10,Sarangarh-Bilaigarh Division,Wheat,1921.47
2017,10,Bilaspur Division,pea,194.57
2017,11,Sarangarh-Bilaigarh Division,Arhar,2452.94
2017,11,Bilaspur Division,Gram,3673.67
2017,11,Bilaspur Division,Groundnut,4009.77
2017,11,Sarangarh-Bilaigarh Division,Jwar,119.85
2017,11,Balod Division,Kulthi,114.3
2017,11,Balod Division,Maize,1500.24
2017,11,Surguja Division,Masoor,2548.31
2017,11,Balod Division,Millets,1777.6
2017,11,Sarangarh-Bilaigarh Division,Mustard,3778.4
2017,11,Bilaspur Division,Niger,2573.75
2017,11,Bilaspur Division,Pea,3648.1
2017,11,Surguja Division,Rice,100.63
2017,11,Sarangarh-Bilaigarh Division,Soybean,3023.84
2017,11,Raipur Division,Summer Paddy,1669.94
2017,11,Raipur Division,Til,186.05
2017,11,Bilaspur Division,Tiwra,2332.56
2017,11,Surguja Division,Urd,1082.52
2017,11,Sarangarh-Bilaigarh Division,Wheat,1951.87
2017,11,Surguja Division,pea,3941.19
2017,12,Balod Division,Arhar,3810.59
2017,12,Bilaspur Division,Gram,3728.21
2017,12,Sarangarh-Bilaigarh Division,Groundnut,175.98
2017,12,Sarangarh-Bilaigarh Division,Jwar,203.65
2017,12,Raipur Division,Kulthi,83.47
2017,12,Raipur Division,Maize,1342.64
2017,12,Surguja Division,Masoor,2833.35
2017,12,Raipur Division,Millets,1634.42
2017,12,Sarangarh-Bilaigarh Division,Mustard,3261.3
2017,12,Sarangarh-Bilaigarh Division,Niger,107.41
2017,12,Bilaspur Division,Pea,2462.3
2017,12,Surguja Division,Rice,147.59
2017,12,Balod Division,Soybean,2660.22
2017,12,Surguja Division,Summer Paddy,1682.67
2017,12,Raipur Division,Til,4000.72
2017,12,Sarangarh-Bilaigarh Division,Tiwra,2325.55
2017,12,Surguja Division,Urd,166.59
2017,12,Bilaspur Division,Wheat,1731.38
2017,12,Surguja Division,pea,2331.47
2018,1,Balod Division,Arhar,4196.11
2018,1,Sarangarh-Bilaigarh Division,Gram,3253.22
2018,1,Surguja Division,Groundnut,5964.35
2018,1,Bilaspur Division,Jwar,137.53
2018,1,Bilaspur Division,Kulthi,3168.83
2018,1,Surguja Division,Maize,1427.38
2018,1,Surguja Division,Masoor,2866.33
2018,1,Bilaspur Division,Millets,1699.5
2018,1,Bilaspur Division,Mustard,3018.04
2018,1,Bilaspur Division,Niger,4145.91
2018,1,Bilaspur Division,Pea,4381.33
2018,1,Raipur Division,Rice,146.13
2018,1,Sarangarh-Bilaigarh Division,Soybean,3048.32
2018,1,Balod Division,Summer Paddy,1736.22
2018,1,Surguja Division,Til,2866.7
2018,1,Raipur Division,Tiwra,2038.66
2018,1,Sarangarh-Bilaigarh Division,Urd,765.93
2018,1,Raipur Division,Wheat,1832.77
2018,1,Raipur Division,pea,1939.23
2018,2,Raipur Division,Arhar,4404.05
2018,2,Raipur Division,Gram,3594.24
2018,2,Bilaspur Division,Groundnut,3990.41
2018,2,Sarangarh-Bilaigarh Division,Jwar,1516.76
2018,2,Bilaspur Division,Kulthi,206.01
2018,2,Balod Division,Maize,1441.89
2018,2,Raipur Division,Masoor,2962.02
2018,2,Raipur Division,Millets,1825.7
2018,2,Raipur Division,Mustard,3123.25
2018,2,Surguja Division,Niger,4121.38
2018,2,Surguja Division,Pea,2494.87
2018,2,Raipur Division,Rice,149.01
2018,2,Bilaspur Division,Soybean,2708.71
2018,2,Bilaspur Division,Summer Paddy,1591.99
2018,2,Raipur Division,Til,174.31
2018,2,Bilaspur Division,Tiwra,2371.96
2018,2,Surguja Division,Urd,3631.38
2018,2,Raipur Division,Wheat,1754.57
2018,2,Bilaspur Division,pea,2060.7
2018,3,Sarangarh-Bilaigarh Division,Arhar,3826.0
2018,3,Balod Division,Gram,3297.32
2018,3,Bilaspur Division,Groundnut,2721.55
2018,3,Balod Division,Jwar,71.4
2018,3,Surguja Division,Kulthi,1339.8
2018,3,Raipur Division,Maize,1402.88
2018,3,Balod Division,Masoor,2931.03
2018,3,Surguja Division,Millets,1802.92
2018,3,Balod Division,Mustard,2943.48
2018,3,Surguja Division,Niger,3811.74
2018,3,Surguja Division,Pea,2261.82
2018,3,Balod Division,Rice,196.19
2018,3,Bilaspur Division,Soybean,2511.03
2018,3,Bilaspur Division,Summer Paddy,1518.12
2018,3,Surguja Division,Til,3491.35
2018,3,Raipur Division,Tiwra,2413.17
2018,3,Sarangarh-Bilaigarh Division,Urd,3468.14
2018,3,Surguja Division,Wheat,1714.62
2018,3,Raipur Division,pea,2100.56
2018,4,Bilaspur Division,Arhar,4175.11
2018,4,Sarangarh-Bilaigarh Division,Gram,3710.85
2018,4,Raipur Division,Groundnut,140.0
2018,4,Balod Division,Jwar,114.06
2018,4,Surguja Division,Kulthi,161.23
2018,4,Raipur Division,Maize,1414.66
2018,4,Bilaspur Division,Masoor,2820.33
2018,4,Bilaspur Division,Millets,2040.0
2018,4,Raipur Division,Mustard,3313.69
2018,4,Surguja Division,Niger,153.4
2018,4,Sarangarh-Bilaigarh Division,Pea,2342.37
2018,4,Bilaspur Division,Rice,207.62
2018,4,Bilaspur Division,Soybean,2995.18
2018,4,Bilaspur Division,Summer Paddy,1501.95
2018,4,Raipur Division,Til,209.97
2018,4,Surguja Division,Tiwra,2512.88
2018,4,Surguja Division,Urd,174.91
2018,4,Balod Division,Wheat,1711.99
2018,4,Surguja Division,pea,3198.34
2018,5,Raipur Division,Arhar,5336.28
2018,5,Balod Division,Gram,3095.54
2018,5,Bilaspur Division,Groundnut,133.25
2018,5,Raipur Division,Jwar,218.37
2018,5,Sarangarh-Bilaigarh Division,Kulthi,192.19
2018,5,Bilaspur Division,Maize,1540.55
2018,5,Surguja Division,Masoor,3001.69
2018,5,Surguja Division,Millets,1965.13
2018,5,Balod Division,Mustard,3040.12
2018,5,Raipur Division,Niger,6472.67
2018,5,Raipur Division,Pea,3311.72
2018,5,Surguja Division,Rice,108.67
2018,5,Surguja Division,Soybean,121.01
2018,5,Bilaspur Division,Summer Paddy,1541.6
2018,5,Sarangarh-Bilaigarh Division,Til,5782.43
2018,5,Balod Division,Tiwra,2470.1
2018,5,Bilaspur Division,Urd,215.6
2018,5,Raipur Division,Wheat,1838.41
2018,5,Sarangarh-Bilaigarh Division,pea,2656.01
2018,6,Sarangarh-Bilaigarh Division,Arhar,3868.88
2018,6,Surguja Division,Gram,3167.53
2018,6,Raipur Division,Groundnut,108.0
2018,6,Raipur Division,Jwar,132.3
2018,6,Sarangarh-Bilaigarh Division,Kulthi,195.61
2018,6,Surguja Division,Maize,1501.98
2018,6,Balod Division,Masoor,2935.24
2018,6,Surguja Division,Millets,2223.72
2018,6,Sarangarh-Bilaigarh Division,Mustard,2974.37
2018,6,Surguja Division,Niger,85.0
2018,6,Raipur Division,Pea,161.53
2018,6,Sarangarh-Bilaigarh Division,Rice,124.49
2018,6,Raipur Division,Soybean,106.9
2018,6,Raipur Division,Summer Paddy,1451.33
2018,6,Balod Division,Til,124.88
2018,6,Balod Division,Tiwra,2636.62
2018,6,Bilaspur Division,Urd,2610.06
2018,6,Balod Division,Wheat,1850.44
2018,6,Sarangarh-Bilaigarh Division,pea,155.99
2018,7,Raipur Division,Arhar,3661.64
2018,7,Bilaspur Division,Gram,2646.13
2018,7,Bilaspur Division,Groundnut,217.4
2018,7,Sarangarh-Bilaigarh Division,Jwar,164.13
2018,7,Balod Division,Kulthi,3767.35
2018,7,Bilaspur Division,Maize,1339.03
2018,7,Sarangarh-Bilaigarh Division,Masoor,3556.26
2018,7,Bilaspur Division,Millets,1893.36
2018,7,Raipur Division,Mustard,2901.27
2018,7,Raipur Division,Niger,190.98
2018,7,Surguja Division,Pea,1981.75
2018,7,Balod Division,Rice,104.5
2018,7,Surguja Division,Soybean,2757.18
2018,7,Surguja Division,Summer Paddy,1517.33
2018,7,Raipur Division,Til,81.25
2018,7,Sarangarh-Bilaigarh Division,Tiwra,2467.9
2018,7,Sarangarh-Bilaigarh Division,Urd,4991.18
2018,7,Sarangarh-Bilaigarh Division,Wheat,1825.67
2018,7,Sarangarh-Bilaigarh Division,pea,135.18
2018,8,Balod Division,Arhar,3986.96
2018,8,Sarangarh-Bilaigarh Division,Gram,3861.48
2018,8,Balod Division,Groundnut,125.62
2018,8,Raipur Division,Jwar,155.3
2018,8,Surguja Division,Kulthi,141.69
2018,8,Balod Division,Maize,1408.73
2018,8,Surguja Division,Masoor,3128.81
2018,8,Balod Division,Millets,1942.78
2018,8,Sarangarh-Bilaigarh Division,Mustard,2961.81
2018,8,Sarangarh-Bilaigarh Division,Niger,231.07
2018,8,Sarangarh-Bilaigarh Division,Pea,1680.63
2018,8,Sarangarh-Bilaigarh Division,Rice,1515.57
2018,8,Bilaspur Division,Soybean,151.73
2018,8,Surguja Division,Summer Paddy,1566.75
2018,8,Balod Division,Til,174.17
2018,8,Surguja Division,Tiwra,2511.78
2018,8,Surguja Division,Urd,92.72
2018,8,Balod Division,Wheat,1882.13
2018,8,Surguja Division,pea,139.74
2018,9,Surguja Division,Arhar,4392.77
2018,9,Surguja Division,Gram,3633.43
2018,9,Surguja Division,Groundnut,227.74
2018,9,Surguja Division,Jwar,91.4
2018,9,Raipur Division,Kulthi,4129.8
2018,9,Surguja Division,Maize,1420.06
2018,9,Surguja Division,Masoor,2998.82
2018,9,Sarangarh-Bilaigarh Division,Millets,2323.97
2018,9,Sarangarh-Bilaigarh Division,Mustard,3740.17
2018,9,Balod Division,Niger,127.04
2018,9,Bilaspur Division,Pea,217.71
2018,9,Raipur Division,Rice,126.08
2018,9,Raipur Division,Soybean,2718.81
2018,9,Sarangarh-Bilaigarh Division,Summer Paddy,1550.11
2018,9,Raipur Division,Til,6034.09
2018,9,Bilaspur Division,Tiwra,2662.82
2018,9,Surguja Division,Urd,2682.51
2018,9,Bilaspur Division,Wheat,1834.37
2018,9,Raipur Division,pea,118.06
2018,10,Surguja Division,Arhar,3965.02
2018,10,Sarangarh-Bilaigarh Division,Gram,4056.78
2018,10,Surguja Division,Groundnut,4254.78
2018,10,Raipur Division,Jwar,190.52
2018,10,Balod Division,Kulthi,58.34
2018,10,Surguja Division,Maize,1377.01
2018,10,Bilaspur Division,Masoor,2999.53
2018,10,Sarangarh-Bilaigarh Division,Millets,1614.97
2018,10,Balod Division,Mustard,3116.14
2018,10,Sarangarh-Bilaigarh Division,Niger,126.7
2018,10,Surguja Division,Pea,2266.03
2018,10,Bilaspur Division,Rice,60.31
2018,10,Sarangarh-Bilaigarh Division,Soybean,2752.39
2018,10,Raipur Division,Summer Paddy,1630.99
2018,10,Bilaspur Division,Til,76.58
2018,10,Sarangarh-Bilaigarh Division,Tiwra,2694.96
2018,10,Raipur Division,Urd,193.81
2018,10,Bilaspur Division,Wheat,1903.21
2018,10,Sarangarh-Bilaigarh Division,pea,177.28
2018,11,Surguja Division,Arhar,2508.24
2018,11,Sarangarh-Bilaigarh Division,Gram,3640.66
2018,11,Bilaspur Division,Groundnut,3983.83
2018,11,Bilaspur Division,Jwar,109.68
2018,11,Balod Division,Kulthi,143.87
2018,11,Bilaspur Division,Maize,1532.25
2018,11,Sarangarh-Bilaigarh Division,Masoor,2487.15
2018,11,Balod Division,Millets,1788.69
2018,11,Surguja Division,Mustard,3716.09
2018,11,Raipur Division,Niger,2575.84
2018,11,Bilaspur Division,Pea,3693.61
2018,11,Surguja Division,Rice,222.66
2018,11,Sarangarh-Bilaigarh Division,Soybean,2988.72
2018,11,Balod Division,Summer Paddy,1630.61
2018,11,Sarangarh-Bilaigarh Division,Til,70.8
2018,11,Surguja Division,Tiwra,2315.29
2018,11,Sarangarh-Bilaigarh Division,Urd,1131.78
2018,11,Balod Division,Wheat,1953.85
2018,11,Sarangarh-Bilaigarh Division,pea,3990.77
2018,12,Balod Division,Arhar,3798.04
2018,12,Raipur Division,Gram,3734.17
2018,12,Balod Division,Groundnut,74.53
2018,12,Sarangarh-Bilaigarh Division,Jwar,189.74
2018,12,Bilaspur Division,Kulthi,186.98
2018,12,Sarangarh-Bilaigarh Division,Maize,1354.73
2018,12,Raipur Division,Masoor,2807.79
2018,12,Balod Division,Millets,1590.15
2018,12,Bilaspur Division,Mustard,3282.42
2018,12,Raipur Division,Niger,178.82
2018,12,Balod Division,Pea,2468.8
2018,12,Raipur Division,Rice,141.4
2018,12,Sarangarh-Bilaigarh Division,Soybean,2615.52
2018,12,Bilaspur Division,Summer Paddy,1757.81
2018,12,Sarangarh-Bilaigarh Division,Til,4024.57
2018,12,Raipur Division,Tiwra,2406.52
2018,12,Raipur Division,Urd,193.46
2018,12,Balod Division,Wheat,1798.7
2018,12,Sarangarh-Bilaigarh Division,pea,2283.22
2019,1,Sarangarh-Bilaigarh Division,Arhar,4219.43
2019,1,Balod Division,Gram,3213.78
2019,1,Surguja Division,Groundnut,5950.19
2019,1,Surguja Division,Jwar,69.6
2019,1,Sarangarh-Bilaigarh Division,Kulthi,3229.42
2019,1,Sarangarh-Bilaigarh Division,Maize,1423.23
2019,1,Sarangarh-Bilaigarh Division,Masoor,2821.01
2019,1,Balod Division,Millets,1639.82
2019,1,Bilaspur Division,Mustard,3036.76
2019,1,Sarangarh-Bilaigarh Division,Niger,4126.78
2019,1,Bilaspur Division,Pea,4354.38
2019,1,Balod Division,Rice,159.49
2019,1,Raipur Division,Soybean,3044.32
2019,1,Balod Division,Summer Paddy,1647.99
2019,1,Surguja Division,Til,2874.59
2019,1,Bilaspur Division,Tiwra,2098.77
2019,1,Sarangarh-Bilaigarh Division,Urd,801.73
2019,1,Surguja Division,Wheat,1760.87
2019,1,Raipur Division,pea,1895.55
2019,2,Bilaspur Division,Arhar,4432.14
2019,2,Raipur Division,Gram,3643.16
2019,2,Balod Division,Groundnut,4026.66
2019,2,Raipur Division,Jwar,1543.31
2019,2,Surguja Division,Kulthi,131.1
2019,2,Sarangarh-Bilaigarh Division,Maize,1433.57
2019,2,Balod Division,Masoor,3018.59
2019,2,Sarangarh-Bilaigarh Division,Millets,1831.24
2019,2,Raipur Division,Mustard,3181.64
2019,2,Surguja Division,Niger,4101.78
2019,2,Surguja Division,Pea,2547.96
2019,2,Balod Division,Rice,55.04
2019,2,Surguja Division,Soybean,2719.77
2019,2,Balod Division,Summer Paddy,1545.93
2019,2,Surguja Division,Til,140.89
2019,2,Bilaspur Division,Tiwra,2411.31
2019,2,Surguja Division,Urd,3596.17
2019,2,Sarangarh-Bilaigarh Division,Wheat,1796.81
2019,2,Bilaspur Division,pea,2101.77
2019,3,Sarangarh-Bilaigarh Division,Arhar,3791.68
2019,3,Sarangarh-Bilaigarh Division,Gram,3225.82
2019,3,Bilaspur Division,Groundnut,2740.94
2019,3,Raipur Division,Jwar,56.43
2019,3,Sarangarh-Bilaigarh Division,Kulthi,1263.13
2019,3,Raipur Division,Maize,1412.54
2019,3,Raipur Division,Masoor,3020.66
2019,3,Sarangarh-Bilaigarh Division,Millets,1759.46
2019,3,Sarangarh-Bilaigarh Division,Mustard,2960.91
2019,3,Sarangarh-Bilaigarh Division,Niger,3828.71
2019,3,Bilaspur Division,Pea,2260.53
2019,3,Bilaspur Division,Rice,161.29
2019,3,Raipur Division,Soybean,2498.76
2019,3,Balod Division,Summer Paddy,1484.39
2019,3,Bilaspur Division,Til,3506.2
2019,3,Surguja Division,Tiwra,2414.17
2019,3,Raipur Division,Urd,3527.19
2019,3,Bilaspur Division,Wheat,1769.41
2019,3,Balod Division,pea,2140.17
2019,4,Surguja Division,Arhar,4088.56
2019,4,Sarangarh-Bilaigarh Division,Gram,3741.27
2019,4,Raipur Division,Groundnut,197.4
2019,4,Surguja Division,Jwar,135.23
2019,4,Raipur Division,Kulthi,193.59
2019,4,Sarangarh-Bilaigarh Division,Maize,1384.95
2019,4,Raipur Division,Masoor,2786.45
2019,4,Surguja Division,Millets,1972.53
2019,4,Bilaspur Division,Mustard,3298.88
2019,4,Raipur Division,Niger,113.82
2019,4,Bilaspur Division,Pea,2340.4
2019,4,Balod Division,Rice,127.55
2019,4,Raipur Division,Soybean,3011.29
2019,4,Bilaspur Division,Summer Paddy,1535.12
2019,4,Surguja Division,Til,130.51
2019,4,Raipur Division,Tiwra,2570.21
2019,4,Bilaspur Division,Urd,182.21
2019,4,Sarangarh-Bilaigarh Division,Wheat,1695.03
2019,4,Sarangarh-Bilaigarh Division,pea,3174.49
2019,5,Balod Division,Arhar,5242.7
2019,5,Raipur Division,Gram,3055.97
2019,5,Surguja Division,Groundnut,99.49
2019,5,Sarangarh-Bilaigarh Division,Jwar,122.43
2019,5,Surguja Division,Kulthi,132.12
2019,5,Balod Division,Maize,1544.66
2019,5,Bilaspur Division,Masoor,3068.82
2019,5,Raipur Division,Millets,1878.43
2019,5,Raipur Division,Mustard,3009.42
2019,5,Balod Division,Niger,6540.92
2019,5,Raipur Division,Pea,3289.07
2019,5,Balod Division,Rice,126.23
2019,5,Raipur Division,Soybean,99.08
2019,5,Surguja Division,Summer Paddy,1570.04
2019,5,Sarangarh-Bilaigarh Division,Til,5802.33
2019,5,Sarangarh-Bilaigarh Division,Tiwra,2530.35
2019,5,Sarangarh-Bilaigarh Division,Urd,108.88
2019,5,Raipur Division,Wheat,1778.46
2019,5,Bilaspur Division,pea,2665.8
2019,6,Sarangarh-Bilaigarh Division,Arhar,3915.78
2019,6,Bilaspur Division,Gram,3181.68
2019,6,Balod Division,Groundnut,176.03
2019,6,Balod Division,Jwar,162.42
2019,6,Raipur Division,Kulthi,89.71
2019,6,Sarangarh-Bilaigarh Division,Maize,1572.04
2019,6,Surguja Division,Masoor,2964.03
2019,6,Balod Division,Millets,2238.24
2019,6,Sarangarh-Bilaigarh Division,Mustard,3023.97
2019,6,Raipur Division,Niger,190.19
2019,6,Surguja Division,Pea,154.82
2019,6,Sarangarh-Bilaigarh Division,Rice,180.94
2019,6,Balod Division,Soybean,127.99
2019,6,Sarangarh-Bilaigarh Division,Summer Paddy,1514.5
2019,6,Bilaspur Division,Til,108.88
2019,6,Balod Division,Tiwra,2615.66
2019,6,Surguja Division,Urd,2579.65
2019,6,Bilaspur Division,Wheat,1782.89
2019,6,Sarangarh-Bilaigarh Division,pea,128.55
2019,7,Sarangarh-Bilaigarh Division,Arhar,3695.93
2019,7,Surguja Division,Gram,2608.77
2019,7,Balod Division,Groundnut,190.53
2019,7,Surguja Division,Jwar,70.01
2019,7,Raipur Division,Kulthi,3773.99
2019,7,Sarangarh-Bilaigarh Division,Maize,1407.2
2019,7,Balod Division,Masoor,3543.99
2019,7,Bilaspur Division,Millets,1872.49
2019,7,Raipur Division,Mustard,2937.48
2019,7,Balod Division,Niger,159.77
2019,7,Raipur Division,Pea,1962.63
2019,7,Bilaspur Division,Rice,151.14
2019,7,Sarangarh-Bilaigarh Division,Soybean,2813.17
2019,7,Raipur Division,Summer Paddy,1580.28
2019,7,Raipur Division,Til,161.63
2019,7,Balod Division,Tiwra,2440.74
2019,7,Raipur Division,Urd,4981.55
2019,7,Surguja Division,Wheat,1785.04
2019,7,Surguja Division,pea,166.76
2019,8,Sarangarh-Bilaigarh Division,Arhar,4012.12
2019,8,Raipur Division,Gram,3903.84
2019,8,Surguja Division,Groundnut,204.96
2019,8,Balod Division,Jwar,66.93
2019,8,Bilaspur Division,Kulthi,140.74
2019,8,Sarangarh-Bilaigarh Division,Maize,1429.83
2019,8,Balod Division,Masoor,3157.94
2019,8,Balod Division,Millets,1967.25
2019,8,Raipur Division,Mustard,2942.14
2019,8,Bilaspur Division,Niger,159.37
2019,8,Raipur Division,Pea,1679.22
2019,8,Balod Division,Rice,1532.6
2019,8,Balod Division,Soybean,132.29
2019,8,Raipur Division,Summer Paddy,1561.8
2019,8,Raipur Division,Til,165.43
2019,8,Surguja Division,Tiwra,2527.14
2019,8,Raipur Division,Urd,75.43
2019,8,Sarangarh-Bilaigarh Division,Wheat,1870.39
2019,8,Balod Division,pea,80.06
2019,9,Raipur Division,Arhar,4376.06
2019,9,Sarangarh-Bilaigarh Division,Gram,3637.72
2019,9,Bilaspur Division,Groundnut,176.1
2019,9,Raipur Division,Jwar,211.52
2019,9,Surguja Division,Kulthi,4158.82
2019,9,Sarangarh-Bilaigarh Division,Maize,1393.91
2019,9,Bilaspur Division,Masoor,3007.33
2019,9,Surguja Division,Millets,2243.86
2019,9,Sarangarh-Bilaigarh Division,Mustard,3697.02
2019,9,Sarangarh-Bilaigarh Division,Niger,70.88
2019,9,Surguja Division,Pea,140.12
2019,9,Bilaspur Division,Rice,195.08
2019,9,Surguja Division,Soybean,2719.45
2019,9,Sarangarh-Bilaigarh Division,Summer Paddy,1633.53
2019,9,Raipur Division,Til,5984.08
2019,9,Sarangarh-Bilaigarh Division,Tiwra,2681.85
2019,9,Surguja Division,Urd,2663.13
2019,9,Sarangarh-Bilaigarh Division,Wheat,1874.61
2019,9,Balod Division,pea,124.98
2019,10,Sarangarh-Bilaigarh Division,Arhar,3973.42
2019,10,Sarangarh-Bilaigarh Division,Gram,4054.32
2019,10,Sarangarh-Bilaigarh Division,Groundnut,4345.05
2019,10,Bilaspur Division,Jwar,195.67
2019,10,Raipur Division,Kulthi,54.27
2019,10,Bilaspur Division,Maize,1416.89
2019,10,Balod Division,Masoor,2981.01
2019,10,Raipur Division,Millets,1625.05
2019,10,Surguja Division,Mustard,3098.2
2019,10,Balod Division,Niger,142.18
2019,10,Raipur Division,Pea,2251.66
2019,10,Raipur Division,Rice,72.67
2019,10,Balod Division,Soybean,2746.89
2019,10,Raipur Division,Summer Paddy,1567.28
2019,10,Surguja Division,Til,115.7
2019,10,Bilaspur Division,Tiwra,2646.85
2019,10,Raipur Division,Urd,98.41
2019,10,Raipur Division,Wheat,1952.81
2019,10,Surguja Division,pea,135.26
2019,11,Raipur Division,Arhar,2452.97
2019,11,Balod Division,Gram,3629.49
2019,11,Balod Division,Groundnut,3963.15
2019,11,Surguja Division,Jwar,131.64
2019,11,Sarangarh-Bilaigarh Division,Kulthi,205.32
2019,11,Surguja Division,Maize,1498.73
2019,11,Raipur Division,Masoor,2557.38
2019,11,Sarangarh-Bilaigarh Division,Millets,1782.12
2019,11,Raipur Division,Mustard,3751.14
2019,11,Surguja Division,Niger,2632.96
2019,11,Raipur Division,Pea,3690.38
2019,11,Bilaspur Division,Rice,142.2
2019,11,Raipur Division,Soybean,3028.96
2019,11,Bilaspur Division,Summer Paddy,1612.91
2019,11,Sarangarh-Bilaigarh Division,Til,194.99
2019,11,Sarangarh-Bilaigarh Division,Tiwra,2254.78
2019,11,Raipur Division,Urd,1144.17
2019,11,Surguja Division,Wheat,2006.65
2019,11,Bilaspur Division,pea,4006.29
2019,12,Surguja Division,Arhar,3723.24
2019,12,Bilaspur Division,Gram,3697.22
2019,12,Raipur Division,Groundnut,198.63
2019,12,Sarangarh-Bilaigarh Division,Jwar,187.89
2019,12,Surguja Division,Kulthi,110.04
2019,12,Bilaspur Division,Maize,1283.25
2019,12,Sarangarh-Bilaigarh Division,Masoor,2809.5
2019,12,Raipur Division,Millets,1558.44
2019,12,Bilaspur Division,Mustard,3307.68
2019,12,Raipur Division,Niger,118.27
2019,12,Raipur Division,Pea,2456.74
2019,12,Surguja Division,Rice,162.24
2019,12,Balod Division,Soybean,2622.76
2019,12,Raipur Division,Summer Paddy,1704.45
2019,12,Bilaspur Division,Til,4009.03
2019,12,Sarangarh-Bilaigarh Division,Tiwra,2390.55
2019,12,Balod Division,Urd,152.94
2019,12,Raipur Division,Wheat,1742.17
2019,12,Balod Division,pea,2302.9
2020,1,Bilaspur Division,Arhar,4184.23
2020,1,Sarangarh-Bilaigarh Division,Gram,3239.3
2020,1,Bilaspur Division,Groundnut,5966.69
2020,1,Surguja Division,Jwar,119.05
2020,1,Raipur Division,Kulthi,3184.59
2020,1,Sarangarh-Bilaigarh Division,Maize,1416.98
2020,1,Bilaspur Division,Masoor,2834.58
2020,1,Sarangarh-Bilaigarh Division,Millets,1634.0
2020,1,Balod Division,Mustard,3021.58
2020,1,Raipur Division,Niger,4131.63
2020,1,Surguja Division,Pea,4347.55
2020,1,Sarangarh-Bilaigarh Division,Rice,163.99
2020,1,Sarangarh-Bilaigarh Division,Soybean,2997.4
2020,1,Bilaspur Division,Summer Paddy,1690.69
2020,1,Balod Division,Til,2853.19
2020,1,Surguja Division,Tiwra,2066.42
2020,1,Balod Division,Urd,770.89
2020,1,Balod Division,Wheat,1784.92
2020,1,Bilaspur Division,pea,1891.7
2020,2,Balod Division,Arhar,4409.71
2020,2,Surguja Division,Gram,3612.26
2020,2,Surguja Division,Groundnut,4033.55
2020,2,Surguja Division,Jwar,1545.59
2020,2,Surguja Division,Kulthi,141.81
2020,2,Bilaspur Division,Maize,1437.67
2020,2,Raipur Division,Masoor,2958.82
2020,2,Balod Division,Millets,1888.97
2020,2,Sarangarh-Bilaigarh Division,Mustard,3089.7
2020,2,Sarangarh-Bilaigarh Division,Niger,4181.34
2020,2,Raipur Division,Pea,2505.37
2020,2,Bilaspur Division,Rice,91.52
2020,2,Balod Division,Soybean,2685.62
2020,2,Bilaspur Division,Summer Paddy,1541.99
2020,2,Balod Division,Til,118.46
2020,2,Sarangarh-Bilaigarh Division,Tiwra,2347.55
2020,2,Balod Division,Urd,3605.77
2020,2,Balod Division,Wheat,1733.07
2020,2,Surguja Division,pea,2052.44
2020,3,Bilaspur Division,Arhar,3827.22
2020,3,Balod Division,Gram,3299.07
2020,3,Balod Division,Groundnut,2738.03
2020,3,Raipur Division,Jwar,175.4
2020,3,Surguja Division,Kulthi,1264.8
2020,3,Surguja Division,Maize,1384.96
2020,3,Sarangarh-Bilaigarh Division,Masoor,3015.69
2020,3,Balod Division,Millets,1845.95
2020,3,Balod Division,Mustard,2968.68
2020,3,Sarangarh-Bilaigarh Division,Niger,3753.8
2020,3,Balod Division,Pea,2288.27
2020,3,Surguja Division,Rice,157.0
2020,3,Bilaspur Division,Soybean,2544.4
2020,3,Raipur Division,Summer Paddy,1573.04
2020,3,Bilaspur Division,Til,3548.1
2020,3,Sarangarh-Bilaigarh Division,Tiwra,2436.39
2020,3,Bilaspur Division,Urd,3499.14
2020,3,Balod Division,Wheat,1716.49
2020,3,Balod Division,pea,2094.95
2020,4,Raipur Division,Arhar,4119.56
2020,4,Raipur Division,Gram,3749.06
2020,4,Balod Division,Groundnut,173.51
2020,4,Sarangarh-Bilaigarh Division,Jwar,178.31
2020,4,Raipur Division,Kulthi,56.26
2020,4,Raipur Division,Maize,1434.7
2020,4,Balod Division,Masoor,2815.44
2020,4,Balod Division,Millets,1994.83
2020,4,Surguja Division,Mustard,3387.15
2020,4,Surguja Division,Niger,144.55
2020,4,Surguja Division,Pea,2303.05
2020,4,Balod Division,Rice,132.7
2020,4,Surguja Division,Soybean,2985.87
2020,4,Bilaspur Division,Summer Paddy,1519.99
2020,4,Balod Division,Til,166.82
2020,4,Balod Division,Tiwra,2603.09
2020,4,Bilaspur Division,Urd,162.31
2020,4,Balod Division,Wheat,1762.58
2020,4,Raipur Division,pea,3202.18
2020,5,Surguja Division,Arhar,5238.07
2020,5,Surguja Division,Gram,3118.03
2020,5,Raipur Division,Groundnut,211.2
2020,5,Bilaspur Division,Jwar,100.35
2020,5,Bilaspur Division,Kulthi,98.52
2020,5,Balod Division,Maize,1484.88
2020,5,Balod Division,Masoor,3056.96
2020,5,Surguja Division,Millets,1970.48
2020,5,Bilaspur Division,Mustard,3000.61
2020,5,Balod Division,Niger,6502.26
2020,5,Bilaspur Division,Pea,3257.69
2020,5,Bilaspur Division,Rice,200.16
2020,5,Sarangarh-Bilaigarh Division,Soybean,135.53
2020,5,Sarangarh-Bilaigarh Division,Summer Paddy,1559.93
2020,5,Balod Division,Til,5830.35
2020,5,Balod Division,Tiwra,2453.27
2020,5,Surguja Division,Urd,189.12
2020,5,Surguja Division,Wheat,1742.23
2020,5,Balod Division,pea,2685.78
2020,6,Raipur Division,Arhar,3935.96
2020,6,Raipur Division,Gram,3221.98
2020,6,Bilaspur Division,Groundnut,171.06
2020,6,Sarangarh-Bilaigarh Division,Jwar,166.34
2020,6,Bilaspur Division,Kulthi,203.65
2020,6,Sarangarh-Bilaigarh Division,Maize,1504.29
2020,6,Bilaspur Division,Masoor,2960.14
2020,6,Bilaspur Division,Millets,2163.38
2020,6,Bilaspur Division,Mustard,3022.17
2020,6,Raipur Division,Niger,156.62
2020,6,Raipur Division,Pea,105.8
2020,6,Raipur Division,Rice,140.2
2020,6,Raipur Division,Soybean,178.08
2020,6,Surguja Division,Summer Paddy,1535.66
2020,6,Raipur Division,Til,113.06
2020,6,Balod Division,Tiwra,2683.57
2020,6,Sarangarh-Bilaigarh Division,Urd,2628.89
2020,6,Balod Division,Wheat,1815.2
2020,6,Raipur Division,pea,181.36
2020,7,Balod Division,Arhar,3658.93
2020,7,Bilaspur Division,Gram,2587.56
2020,7,Surguja Division,Groundnut,152.04
2020,7,Bilaspur Division,Jwar,89.33
2020,7,Balod Division,Kulthi,3816.64
2020,7,Raipur Division,Maize,1344.51
2020,7,Balod Division,Masoor,3594.04
2020,7,Raipur Division,Millets,1840.92
2020,7,Surguja Division,Mustard,2900.87
2020,7,Balod Division,Niger,119.23
2020,7,Surguja Division,Pea,1999.86
2020,7,Sarangarh-Bilaigarh Division,Rice,184.18
2020,7,Bilaspur Division,Soybean,2808.44
2020,7,Balod Division,Summer Paddy,1551.73
2020,7,Sarangarh-Bilaigarh Division,Til,154.5
2020,7,Surguja Division,Tiwra,2453.54
2020,7,Bilaspur Division,Urd,4981.2
2020,7,Raipur Division,Wheat,1868.7
2020,7,Raipur Division,pea,205.03
2020,8,Surguja Division,Arhar,3954.53
2020,8,Sarangarh-Bilaigarh Division,Gram,3898.86
2020,8,Sarangarh-Bilaigarh Division,Groundnut,152.68
2020,8,Sarangarh-Bilaigarh Division,Jwar,141.24
2020,8,Sarangarh-Bilaigarh Division,Kulthi,62.83
2020,8,Surguja Division,Maize,1397.48
2020,8,Bilaspur Division,Masoor,3171.05
2020,8,Surguja Division,Millets,1993.8
2020,8,Surguja Division,Mustard,2937.91
2020,8,Bilaspur Division,Niger,64.37
2020,8,Bilaspur Division,Pea,1653.14
2020,8,Balod Division,Rice,1490.43
2020,8,Raipur Division,Soybean,167.27
2020,8,Surguja Division,Summer Paddy,1577.74
2020,8,Sarangarh-Bilaigarh Division,Til,93.93
2020,8,Raipur Division,Tiwra,2504.26
2020,8,Sarangarh-Bilaigarh Division,Urd,98.71
2020,8,Sarangarh-Bilaigarh Division,Wheat,1937.87
2020,8,Balod Division,pea,115.17
2020,9,Raipur Division,Arhar,4383.27
2020,9,Surguja Division,Gram,3584.18
2020,9,Bilaspur Division,Groundnut,136.51
2020,9,Sarangarh-Bilaigarh Division,Jwar,80.12
2020,9,Sarangarh-Bilaigarh Division,Kulthi,4129.84
2020,9,Sarangarh-Bilaigarh Division,Maize,1420.33
2020,9,Raipur Division,Masoor,3004.7
2020,9,Raipur Division,Millets,2298.11
2020,9,Surguja Division,Mustard,3714.8
2020,9,Sarangarh-Bilaigarh Division,Niger,210.96
2020,9,Surguja Division,Pea,123.07
2020,9,Sarangarh-Bilaigarh Division,Rice,103.17
2020,9,Bilaspur Division,Soybean,2749.02
2020,9,Surguja Division,Summer Paddy,1595.54
2020,9,Sarangarh-Bilaigarh Division,Til,6004.45
2020,9,Sarangarh-Bilaigarh Division,Tiwra,2715.2
2020,9,Raipur Division,Urd,2622.54
2020,9,Sarangarh-Bilaigarh Division,Wheat,1857.71
2020,9,Raipur Division,pea,190.37
2020,10,Surguja Division,Arhar,3977.62
2020,10,Surguja Division,Gram,4086.67
2020,10,Sarangarh-Bilaigarh Division,Groundnut,4288.82
2020,10,Sarangarh-Bilaigarh Division,Jwar,195.27
2020,10,Sarangarh-Bilaigarh Division,Kulthi,156.23
2020,10,Raipur Division,Maize,1415.16
2020,10,Raipur Division,Masoor,3022.33
2020,10,Bilaspur Division,Millets,1594.73
2020,10,Surguja Division,Mustard,3099.73
2020,10,Raipur Division,Niger,108.19
2020,10,Bilaspur Division,Pea,2230.19
2020,10,Bilaspur Division,Rice,124.25
2020,10,Surguja Division,Soybean,2758.73
2020,10,Bilaspur Division,Summer Paddy,1588.08
2020,10,Surguja Division,Til,151.95
2020,10,Surguja Division,Tiwra,2665.63
2020,10,Surguja Division,Urd,139.36
2020,10,Balod Division,Wheat,1950.3
2020,10,Balod Division,pea,155.1
2020,11,Raipur Division,Arhar,2469.69
2020,11,Balod Division,Gram,3674.82
2020,11,Balod Division,Groundnut,4048.11
2020,11,Raipur Division,Jwar,117.81
2020,11,Bilaspur Division,Kulthi,116.66
2020,11,Bilaspur Division,Maize,1536.06
2020,11,Sarangarh-Bilaigarh Division,Masoor,2557.94
2020,11,Surguja Division,Millets,1790.79
2020,11,Bilaspur Division,Mustard,3757.33
2020,11,Balod Division,Niger,2602.15
2020,11,Bilaspur Division,Pea,3726.71
2020,11,Surguja Division,Rice,212.73
2020,11,Sarangarh-Bilaigarh Division,Soybean,3008.07
2020,11,Raipur Division,Summer Paddy,1649.5
2020,11,Raipur Division,Til,122.78
2020,11,Surguja Division,Tiwra,2296.65
2020,11,Raipur Division,Urd,1133.54
2020,11,Sarangarh-Bilaigarh Division,Wheat,1974.49
2020,11,Sarangarh-Bilaigarh Division,pea,3940.35
2020,12,Balod Division,Arhar,3726.83
2020,12,Bilaspur Division,Gram,3715.5
2020,12,Bilaspur Division,Groundnut,182.3
2020,12,Surguja Division,Jwar,114.86
2020,12,Sarangarh-Bilaigarh Division,Kulthi,128.09
2020,12,Raipur Division,Maize,1297.46
2020,12,Balod Division,Masoor,2875.48
2020,12,Raipur Division,Millets,1554.49
2020,12,Surguja Division,Mustard,3264.82
2020,12,Balod Division,Niger,164.67
2020,12,Balod Division,Pea,2455.77
2020,12,Balod Division,Rice,139.76
2020,12,Surguja Division,Soybean,2640.1
2020,12,Sarangarh-Bilaigarh Division,Summer Paddy,1731.2
2020,12,Bilaspur Division,Til,4015.66
2020,12,Bilaspur Division,Tiwra,2400.94
2020,12,Bilaspur Division,Urd,152.0
2020,12,Bilaspur Division,Wheat,1783.05
2020,12,Raipur Division,pea,2248.58
2021,1,Bilaspur Division,Arhar,4242.85
2021,1,Bilaspur Division,Gram,3267.95
2021,1,Raipur Division,Groundnut,6045.05
2021,1,Surguja Division,Jwar,178.25
2021,1,Surguja Division,Kulthi,3201.67
2021,1,Bilaspur Division,Maize,1466.97
2021,1,Surguja Division,Masoor,2805.31
2021,1,Bilaspur Division,Millets,1722.59
2021,1,Surguja Division,Mustard,3056.92
2021,1,Bilaspur Division,Niger,4210.39
2021,1,Bilaspur Division,Pea,4314.91
2021,1,Surguja Division,Rice,105.1
2021,1,Sarangarh-Bilaigarh Division,Soybean,3044.27
2021,1,Balod Division,Summer Paddy,1649.03
2021,1,Balod Division,Til,2850.69
2021,1,Balod Division,Tiwra,2037.51
2021,1,Balod Division,Urd,833.58
2021,1,Surguja Division,Wheat,1818.8
2021,1,Surguja Division,pea,1929.26
2021,2,Bilaspur Division,Arhar,4477.48
2021,2,Bilaspur Division,Gram,3670.92
2021,2,Surguja Division,Groundnut,3978.25
2021,2,Surguja Division,Jwar,1453.76
2021,2,Surguja Division,Kulthi,126.56
2021,2,Raipur Division,Maize,1361.13
2021,2,Surguja Division,Masoor,3022.31
2021,2,Surguja Division,Millets,1823.25
2021,2,Balod Division,Mustard,3174.88
2021,2,Sarangarh-Bilaigarh Division,Niger,4180.02
2021,2,Balod Division,Pea,2516.3
2021,2,Raipur Division,Rice,177.11
2021,2,Bilaspur Division,Soybean,2739.6
2021,2,Surguja Division,Summer Paddy,1587.32
2021,2,Balod Division,Til,89.68
2021,2,Balod Division,Tiwra,2424.0
2021,2,Sarangarh-Bilaigarh Division,Urd,3648.49
2021,2,Surguja Division,Wheat,1770.79
2021,2,Raipur Division,pea,2046.11
2021,3,Bilaspur Division,Arhar,3849.27
2021,3,Balod Division,Gram,3247.74
2021,3,Raipur Division,Groundnut,2676.88
2021,3,Bilaspur Division,Jwar,134.36
2021,3,Sarangarh-Bilaigarh Division,Kulthi,1313.22
2021,3,Balod Division,Maize,1413.31
2021,3,Raipur Division,Masoor,2976.39
2021,3,Raipur Division,Millets,1772.21
2021,3,Raipur Division,Mustard,3026.63
2021,3,Bilaspur Division,Niger,3819.72
2021,3,Balod Division,Pea,2313.69
2021,3,Bilaspur Division,Rice,209.07
2021,3,Raipur Division,Soybean,2453.09
2021,3,Raipur Division,Summer Paddy,1497.65
2021,3,Surguja Division,Til,3471.34
2021,3,Sarangarh-Bilaigarh Division,Tiwra,2458.78
2021,3,Balod Division,Urd,3461.89
2021,3,Raipur Division,Wheat,1768.87
2021,3,Surguja Division,pea,2138.54
2021,4,Raipur Division,Arhar,4114.53
2021,4,Bilaspur Division,Gram,3678.8
2021,4,Sarangarh-Bilaigarh Division,Groundnut,90.95
2021,4,Sarangarh-Bilaigarh Division,Jwar,142.19
2021,4,Raipur Division,Kulthi,190.79
2021,4,Sarangarh-Bilaigarh Division,Maize,1405.9
2021,4,Surguja Division,Masoor,2865.96
2021,4,Raipur Division,Millets,2003.43
2021,4,Balod Division,Mustard,3332.96
2021,4,Surguja Division,Niger,208.11
2021,4,Surguja Division,Pea,2396.15
2021,4,Balod Division,Rice,167.92
2021,4,Balod Division,Soybean,3036.53
2021,4,Sarangarh-Bilaigarh Division,Summer Paddy,1554.36
2021,4,Sarangarh-Bilaigarh Division,Til,166.15
2021,4,Balod Division,Tiwra,2553.46
2021,4,Balod Division,Urd,233.26
2021,4,Balod Division,Wheat,1690.01
2021,4,Sarangarh-Bilaigarh Division,pea,3157.58
2021,5,Sarangarh-Bilaigarh Division,Arhar,5266.26
2021,5,Balod Division,Gram,3054.98
2021,5,Sarangarh-Bilaigarh Division,Groundnut,145.53
2021,5,Raipur Division,Jwar,198.35
2021,5,Balod Division,Kulthi,93.98
2021,5,Raipur Division,Maize,1518.54
2021,5,Surguja Division,Masoor,3000.96
2021,5,Sarangarh-Bilaigarh Division,Millets,1973.92
2021,5,Sarangarh-Bilaigarh Division,Mustard,3067.15
2021,5,Balod Division,Niger,6528.53
2021,5,Surguja Division,Pea,3260.14
2021,5,Surguja Division,Rice,176.65
2021,5,Raipur Division,Soybean,154.79
2021,5,Surguja Division,Summer Paddy,1571.3
2021,5,Bilaspur Division,Til,5847.07
2021,5,Surguja Division,Tiwra,2548.96
2021,5,Raipur Division,Urd,194.24
2021,5,Raipur Division,Wheat,1759.3
2021,5,Raipur Division,pea,2689.76
2021,6,Balod Division,Arhar,3920.55
2021,6,Bilaspur Division,Gram,3198.3
2021,6,Bilaspur Division,Groundnut,144.42
2021,6,Bilaspur Division,Jwar,118.06
2021,6,Surguja Division,Kulthi,149.39
2021,6,Raipur Division,Maize,1499.21
2021,6,Sarangarh-Bilaigarh Division,Masoor,2965.8
2021,6,Balod Division,Millets,2214.85
2021,6,Surguja Division,Mustard,2951.51
2021,6,Balod Division,Niger,143.69
2021,6,Raipur Division,Pea,181.66
2021,6,Raipur Division,Rice,127.53
2021,6,Bilaspur Division,Soybean,231.28
2021,6,Bilaspur Division,Summer Paddy,1487.48
2021,6,Surguja Division,Til,218.13
2021,6,Surguja Division,Tiwra,2617.18
2021,6,Sarangarh-Bilaigarh Division,Urd,2620.11
2021,6,Raipur Division,Wheat,1776.86
2021,6,Raipur Division,pea,109.83
2021,7,Raipur Division,Arhar,3704.2
2021,7,Balod Division,Gram,2679.09
2021,7,Sarangarh-Bilaigarh Division,Groundnut,184.3
2021,7,Raipur Division,Jwar,174.09
2021,7,Bilaspur Division,Kulthi,3759.26
2021,7,Balod Division,Maize,1325.1
2021,7,Raipur Division,Masoor,3542.36
2021,7,Sarangarh-Bilaigarh Division,Millets,1854.55
2021,7,Raipur Division,Mustard,2897.17
2021,7,Balod Division,Niger,170.27
2021,7,Raipur Division,Pea,2017.07
2021,7,Bilaspur Division,Rice,130.54
2021,7,Raipur Division,Soybean,2826.84
2021,7,Sarangarh-Bilaigarh Division,Summer Paddy,1516.12
2021,7,Raipur Division,Til,98.52
2021,7,Bilaspur Division,Tiwra,2377.57
2021,7,Surguja Division,Urd,5002.48
2021,7,Bilaspur Division,Wheat,1841.43
2021,7,Bilaspur Division,pea,120.52
2021,8,Bilaspur Division,Arhar,4005.51
2021,8,Balod Division,Gram,3874.35
2021,8,Surguja Division,Groundnut,168.42
2021,8,Raipur Division,Jwar,174.1
2021,8,Balod Division,Kulthi,169.82
2021,8,Surguja Division,Maize,1450.11
2021,8,Raipur Division,Masoor,3150.03
2021,8,Sarangarh-Bilaigarh Division,Millets,1961.84
2021,8,Surguja Division,Mustard,2966.65
2021,8,Balod Division,Niger,158.46
2021,8,Balod Division,Pea,1713.8
2021,8,Bilaspur Division,Rice,1499.94
2021,8,Bilaspur Division,Soybean,208.56
2021,8,Sarangarh-Bilaigarh Division,Summer Paddy,1573.27
2021,8,Balod Division,Til,129.99
2021,8,Surguja Division,Tiwra,2520.02
2021,8,Sarangarh-Bilaigarh Division,Urd,99.11
2021,8,Balod Division,Wheat,1881.23
2021,8,Bilaspur Division,pea,183.28
2021,9,Surguja Division,Arhar,4387.3
2021,9,Surguja Division,Gram,3628.65
2021,9,Sarangarh-Bilaigarh Division,Groundnut,204.59
2021,9,Surguja Division,Jwar,177.27
2021,9,Sarangarh-Bilaigarh Division,Kulthi,4103.92
2021,9,Sarangarh-Bilaigarh Division,Maize,1428.08
2021,9,Balod Division,Masoor,3001.5
2021,9,Raipur Division,Millets,2273.19
2021,9,Bilaspur Division,Mustard,3757.86
2021,9,Raipur Division,Niger,154.42
2021,9,Surguja Division,Pea,118.12
2021,9,Bilaspur Division,Rice,100.33
2021,9,Raipur Division,Soybean,2660.26
2021,9,Raipur Division,Summer Paddy,1550.23
2021,9,Surguja Division,Til,6000.31
2021,9,Raipur Division,Tiwra,2723.39
2021,9,Bilaspur Division,Urd,2688.44
2021,9,Sarangarh-Bilaigarh Division,Wheat,1881.61
2021,9,Balod Division,pea,92.78
2021,10,Raipur Division,Arhar,3966.04
2021,10,Surguja Division,Gram,4046.66
2021,10,Sarangarh-Bilaigarh Division,Groundnut,4272.96
2021,10,Surguja Division,Jwar,66.73
2021,10,Bilaspur Division,Kulthi,182.13
2021,10,Raipur Division,Maize,1360.67
2021,10,Balod Division,Masoor,3026.57
2021,10,Balod Division,Millets,1604.15
2021,10,Bilaspur Division,Mustard,3113.46
2021,10,Balod Division,Niger,124.16
2021,10,Sarangarh-Bilaigarh Division,Pea,2231.1
2021,10,Balod Division,Rice,158.51
2021,10,Balod Division,Soybean,2718.19
2021,10,Raipur Division,Summer Paddy,1576.28
2021,10,Balod Division,Til,159.08
2021,10,Bilaspur Division,Tiwra,2634.67
2021,10,Bilaspur Division,Urd,137.42
2021,10,Raipur Division,Wheat,1934.13
2021,10,Surguja Division,pea,169.23
2021,11,Surguja Division,Arhar,2483.72
2021,11,Bilaspur Division,Gram,3676.23
2021,11,Surguja Division,Groundnut,3989.19
2021,11,Raipur Division,Jwar,195.19
2021,11,Surguja Division,Kulthi,188.78
2021,11,Balod Division,Maize,1444.84
2021,11,Surguja Division,Masoor,2515.81
2021,11,Surguja Division,Millets,1762.84
2021,11,Bilaspur Division,Mustard,3712.83
2021,11,Raipur Division,Niger,2623.13
2021,11,Raipur Division,Pea,3683.57
2021,11,Raipur Division,Rice,183.92
2021,11,Raipur Division,Soybean,3031.84
2021,11,Balod Division,Summer Paddy,1632.23
2021,11,Surguja Division,Til,153.84
2021,11,Surguja Division,Tiwra,2295.19
2021,11,Balod Division,Urd,1057.57
2021,11,Raipur Division,Wheat,2019.14
2021,11,Balod Division,pea,3945.57
2021,12,Bilaspur Division,Arhar,3728.92
2021,12,Sarangarh-Bilaigarh Division,Gram,3701.51
2021,12,Sarangarh-Bilaigarh Division,Groundnut,189.35
2021,12,Raipur Division,Jwar,94.96
2021,12,Surguja Division,Kulthi,172.08
2021,12,Surguja Division,Maize,1337.99
2021,12,Surguja Division,Masoor,2824.64
2021,12,Balod Division,Millets,1585.05
2021,12,Balod Division,Mustard,3287.33
2021,12,Sarangarh-Bilaigarh Division,Niger,168.7
2021,12,Bilaspur Division,Pea,2484.99
2021,12,Balod Division,Rice,171.06
2021,12,Raipur Division,Soybean,2652.32
2021,12,Sarangarh-Bilaigarh Division,Summer Paddy,1683.35
2021,12,Raipur Division,Til,4008.1
2021,12,Raipur Division,Tiwra,2369.09
2021,12,Surguja Division,Urd,137.13
2021,12,Bilaspur Division,Wheat,1774.92
2021,12,Balod Division,pea,2311.8
2022,1,Sarangarh-Bilaigarh Division,Arhar,4221.45
2022,1,Sarangarh-Bilaigarh Division,Gram,3219.5
2022,1,Sarangarh-Bilaigarh Division,Groundnut,5989.08
2022,1,Bilaspur Division,Jwar,216.69
2022,1,Balod Division,Kulthi,3193.32
2022,1,Bilaspur Division,Maize,1471.91
2022,1,Surguja Division,Masoor,2824.16
2022,1,Bilaspur Division,Millets,1664.02
2022,1,Surguja Division,Mustard,3052.25
2022,1,Balod Division,Niger,4140.04
2022,1,Surguja Division,Pea,4315.94
2022,1,Sarangarh-Bilaigarh Division,Rice,197.01
2022,1,Raipur Division,Soybean,3039.13
2022,1,Bilaspur Division,Summer Paddy,1680.41
2022,1,Bilaspur Division,Til,2845.08
2022,1,Raipur Division,Tiwra,2055.19
2022,1,Raipur Division,Urd,776.41
2022,1,Balod Division,Wheat,1809.76
2022,1,Raipur Division,pea,1905.02
2022,2,Sarangarh-Bilaigarh Division,Arhar,4441.31
2022,2,Surguja Division,Gram,3648.8
2022,2,Bilaspur Division,Groundnut,4016.2
2022,2,Sarangarh-Bilaigarh Division,Jwar,1496.15
2022,2,Sarangarh-Bilaigarh Division,Kulthi,202.15
2022,2,Raipur Division,Maize,1398.23
2022,2,Raipur Division,Masoor,2996.4
2022,2,Surguja Division,Millets,1880.78
2022,2,Balod Division,Mustard,3169.04
2022,2,Sarangarh-Bilaigarh Division,Niger,4087.23
2022,2,Bilaspur Division,Pea,2528.38
2022,2,Raipur Division,Rice,228.6
2022,2,Surguja Division,Soybean,2693.64
2022,2,Surguja Division,Summer Paddy,1598.59
2022,2,Bilaspur Division,Til,206.07
2022,2,Surguja Division,Tiwra,2330.77
2022,2,Balod Division,Urd,3649.89
2022,2,Balod Division,Wheat,1809.9
2022,2,Balod Division,pea,2088.7
2022,3,Bilaspur Division,Arhar,3778.91
2022,3,Balod Division,Gram,3244.98
2022,3,Surguja Division,Groundnut,2681.81
2022,3,Balod Division,Jwar,88.29
2022,3,Balod Division,Kulthi,1290.6
2022,3,Sarangarh-Bilaigarh Division,Maize,1402.84
2022,3,Balod Division,Masoor,2926.57
2022,3,Bilaspur Division,Millets,1825.62
2022,3,Sarangarh-Bilaigarh Division,Mustard,2937.23
2022,3,Balod Division,Niger,3750.53
2022,3,Balod Division,Pea,2295.79
2022,3,Surguja Division,Rice,129.29
2022,3,Sarangarh-Bilaigarh Division,Soybean,2549.07
2022,3,Balod Division,Summer Paddy,1522.35
2022,3,Bilaspur Division,Til,3463.84
2022,3,Raipur Division,Tiwra,2383.81
2022,3,Balod Division,Urd,3536.84
2022,3,Balod Division,Wheat,1789.08
2022,3,Sarangarh-Bilaigarh Division,pea,2096.59
2022,4,Balod Division,Arhar,4130.26
2022,4,Surguja Division,Gram,3760.61
2022,4,Sarangarh-Bilaigarh Division,Groundnut,182.22
2022,4,Raipur Division,Jwar,195.32
2022,4,Surguja Division,Kulthi,185.23
2022,4,Bilaspur Division,Maize,1361.01
2022,4,Balod Division,Masoor,2800.99
2022,4,Surguja Division,Millets,1955.44
2022,4,Balod Division,Mustard,3359.71
2022,4,Raipur Division,Niger,112.45
2022,4,Raipur Division,Pea,2363.59
2022,4,Sarangarh-Bilaigarh Division,Rice,111.8
2022,4,Bilaspur Division,Soybean,3016.78
2022,4,Surguja Division,Summer Paddy,1581.52
2022,4,Bilaspur Division,Til,129.82
2022,4,Balod Division,Tiwra,2573.27
2022,4,Sarangarh-Bilaigarh Division,Urd,164.06
2022,4,Balod Division,Wheat,1752.7
2022,4,Bilaspur Division,pea,3179.08
2022,5,Surguja Division,Arhar,5295.95
2022,5,Raipur Division,Gram,3063.53
2022,5,Sarangarh-Bilaigarh Division,Groundnut,131.91
2022,5,Sarangarh-Bilaigarh Division,Jwar,90.69
2022,5,Surguja Division,Kulthi,100.79
2022,5,Sarangarh-Bilaigarh Division,Maize,1538.1
2022,5,Balod Division,Masoor,3014.87
2022,5,Surguja Division,Millets,1973.33
2022,5,Balod Division,Mustard,3073.74
2022,5,Raipur Division,Niger,6549.72
2022,5,Sarangarh-Bilaigarh Division,Pea,3271.62
2022,5,Raipur Division,Rice,209.6
2022,5,Surguja Division,Soybean,89.77
2022,5,Surguja Division,Summer Paddy,1571.12
2022,5,Raipur Division,Til,5816.93
2022,5,Bilaspur Division,Tiwra,2544.86
2022,5,Balod Division,Urd,184.13
2022,5,Sarangarh-Bilaigarh Division,Wheat,1755.67
2022,5,Balod Division,pea,2696.91
2022,6,Bilaspur Division,Arhar,3867.48
2022,6,Surguja Division,Gram,3202.99
2022,6,Surguja Division,Groundnut,222.71
2022,6,Sarangarh-Bilaigarh Division,Jwar,157.67
2022,6,Surguja Division,Kulthi,86.22
2022,6,Sarangarh-Bilaigarh Division,Maize,1525.53
2022,6,Surguja Division,Masoor,2950.25
2022,6,Sarangarh-Bilaigarh Division,Millets,2171.05
2022,6,Sarangarh-Bilaigarh Division,Mustard,2964.69
2022,6,Bilaspur Division,Niger,203.6
2022,6,Surguja Division,Pea,175.91
2022,6,Balod Division,Rice,67.74
2022,6,Raipur Division,Soybean,192.6
2022,6,Bilaspur Division,Summer Paddy,1524.81
2022,6,Bilaspur Division,Til,114.57
2022,6,Surguja Division,Tiwra,2631.62
2022,6,Bilaspur Division,Urd,2616.72
2022,6,Raipur Division,Wheat,1858.03
2022,6,Surguja Division,pea,237.9
2022,7,Sarangarh-Bilaigarh Division,Arhar,3651.58
2022,7,Surguja Division,Gram,2632.27
2022,7,Raipur Division,Groundnut,147.57
2022,7,Balod Division,Jwar,127.51
2022,7,Bilaspur Division,Kulthi,3762.32
2022,7,Sarangarh-Bilaigarh Division,Maize,1358.28
2022,7,Surguja Division,Masoor,3587.95
2022,7,Raipur Division,Millets,1828.66
2022,7,Balod Division,Mustard,2926.96
2022,7,Sarangarh-Bilaigarh Division,Niger,163.44
2022,7,Sarangarh-Bilaigarh Division,Pea,2047.02
2022,7,Raipur Division,Rice,152.1
2022,7,Sarangarh-Bilaigarh Division,Soybean,2761.53
2022,7,Balod Division,Summer Paddy,1536.62
2022,7,Surguja Division,Til,180.97
2022,7,Surguja Division,Tiwra,2428.98
2022,7,Raipur Division,Urd,5038.56
2022,7,Balod Division,Wheat,1875.61
2022,7,Balod Division,pea,156.69
2022,8,Surguja Division,Arhar,4004.59
2022,8,Sarangarh-Bilaigarh Division,Gram,3892.28
2022,8,Raipur Division,Groundnut,127.27
2022,8,Sarangarh-Bilaigarh Division,Jwar,101.29
2022,8,Surguja Division,Kulthi,172.38
2022,8,Raipur Division,Maize,1454.4
2022,8,Surguja Division,Masoor,3139.87
2022,8,Sarangarh-Bilaigarh Division,Millets,1970.83
2022,8,Surguja Division,Mustard,2909.38
2022,8,Bilaspur Division,Niger,168.56
2022,8,Balod Division,Pea,1673.81
2022,8,Balod Division,Rice,1508.99
2022,8,Surguja Division,Soybean,172.69
2022,8,Bilaspur Division,Summer Paddy,1607.37
2022,8,Raipur Division,Til,213.93
2022,8,Bilaspur Division,Tiwra,2512.86
2022,8,Bilaspur Division,Urd,70.12
2022,8,Surguja Division,Wheat,1844.81
2022,8,Raipur Division,pea,162.57
2022,9,Raipur Division,Arhar,4418.08
2022,9,Sarangarh-Bilaigarh Division,Gram,3600.13
2022,9,Sarangarh-Bilaigarh Division,Groundnut,163.15
2022,9,Raipur Division,Jwar,149.99
2022,9,Balod Division,Kulthi,4150.37
2022,9,Raipur Division,Maize,1369.23
2022,9,Sarangarh-Bilaigarh Division,Masoor,3022.46
2022,9,Raipur Division,Millets,2298.33
2022,9,Balod Division,Mustard,3692.35
2022,9,Raipur Division,Niger,131.06
2022,9,Balod Division,Pea,137.63
2022,9,Raipur Division,Rice,126.72
2022,9,Surguja Division,Soybean,2706.58
2022,9,Bilaspur Division,Summer Paddy,1574.27
2022,9,Surguja Division,Til,6032.69
2022,9,Raipur Division,Tiwra,2665.79
2022,9,Balod Division,Urd,2634.51
2022,9,Raipur Division,Wheat,1828.95
2022,9,Bilaspur Division,pea,210.11
2022,10,Sarangarh-Bilaigarh Division,Arhar,4009.73
2022,10,Balod Division,Gram,4024.79
2022,10,Sarangarh-Bilaigarh Division,Groundnut,4334.81
2022,10,Surguja Division,Jwar,212.39
2022,10,Bilaspur Division,Kulthi,175.27
2022,10,Surguja Division,Maize,1327.18
2022,10,Raipur Division,Masoor,3023.96
2022,10,Sarangarh-Bilaigarh Division,Millets,1679.01
2022,10,Bilaspur Division,Mustard,3077.81
2022,10,Balod Division,Niger,143.85
2022,10,Raipur Division,Pea,2293.55
2022,10,Bilaspur Division,Rice,149.04
2022,10,Raipur Division,Soybean,2686.5
2022,10,Sarangarh-Bilaigarh Division,Summer Paddy,1560.68
2022,10,Surguja Division,Til,144.82
2022,10,Bilaspur Division,Tiwra,2618.0
2022,10,Bilaspur Division,Urd,205.23
2022,10,Bilaspur Division,Wheat,1888.71
2022,10,Surguja Division,pea,155.63
2022,11,Raipur Division,Arhar,2450.69
2022,11,Sarangarh-Bilaigarh Division,Gram,3711.5
2022,11,Sarangarh-Bilaigarh Division,Groundnut,3991.12
2022,11,Bilaspur Division,Jwar,171.29
2022,11,Sarangarh-Bilaigarh Division,Kulthi,172.31
2022,11,Raipur Division,Maize,1481.95
2022,11,Bilaspur Division,Masoor,2493.46
2022,11,Bilaspur Division,Millets,1760.38
2022,11,Sarangarh-Bilaigarh Division,Mustard,3770.59
2022,11,Surguja Division,Niger,2623.49
2022,11,Raipur Division,Pea,3641.69
2022,11,Surguja Division,Rice,129.28
2022,11,Sarangarh-Bilaigarh Division,Soybean,3056.72
2022,11,Raipur Division,Summer Paddy,1620.12
2022,11,Raipur Division,Til,124.53
2022,11,Balod Division,Tiwra,2281.16
2022,11,Sarangarh-Bilaigarh Division,Urd,1108.14
2022,11,Surguja Division,Wheat,2020.88
2022,11,Balod Division,pea,3958.57
2022,12,Bilaspur Division,Arhar,3754.9
2022,12,Raipur Division,Gram,3691.61
2022,12,Balod Division,Groundnut,140.54
2022,12,Surguja Division,Jwar,93.72
2022,12,Balod Division,Kulthi,169.53
2022,12,Raipur Division,Maize,1371.65
2022,12,Bilaspur Division,Masoor,2853.89
2022,12,Sarangarh-Bilaigarh Division,Millets,1611.69
2022,12,Balod Division,Mustard,3269.9
2022,12,Sarangarh-Bilaigarh Division,Niger,216.26
2022,12,Surguja Division,Pea,2474.62
2022,12,Sarangarh-Bilaigarh Division,Rice,174.32
2022,12,Bilaspur Division,Soybean,2658.12
2022,12,Bilaspur Division,Summer Paddy,1678.85
2022,12,Sarangarh-Bilaigarh Division,Til,3952.73
2022,12,Raipur Division,Tiwra,2356.51
2022,12,Surguja Division,Urd,136.68
2022,12,Bilaspur Division,Wheat,1734.99
2022,12,Surguja Division,pea,2319.2
2023,1,Balod Division,Arhar,4182.3
2023,1,Raipur Division,Gram,3232.82
2023,1,Bilaspur Division,Groundnut,5965.6
2023,1,Raipur Division,Jwar,177.12
2023,1,Balod Division,Kulthi,3172.12
2023,1,Surguja Division,Maize,1440.65
2023,1,Surguja Division,Masoor,2808.46
2023,1,Raipur Division,Millets,1660.91
2023,1,Balod Division,Mustard,2982.29
2023,1,Surguja Division,Niger,4214.87
2023,1,Raipur Division,Pea,4336.52
2023,1,Bilaspur Division,Rice,100.83
2023,1,Sarangarh-Bilaigarh Division,Soybean,3005.64
2023,1,Balod Division,Summer Paddy,1707.77
2023,1,Bilaspur Division,Til,2833.21
2023,1,Raipur Division,Tiwra,2099.48
2023,1,Surguja Division,Urd,772.4
2023,1,Sarangarh-Bilaigarh Division,Wheat,1757.76
2023,1,Balod Division,pea,1929.51
2023,2,Sarangarh-Bilaigarh Division,Arhar,4464.33
2023,2,Balod Division,Gram,3618.8
2023,2,Sarangarh-Bilaigarh Division,Groundnut,4018.14
2023,2,Bilaspur Division,Jwar,1533.36
2023,2,Surguja Division,Kulthi,183.74
2023,2,Bilaspur Division,Maize,1365.59
2023,2,Sarangarh-Bilaigarh Division,Masoor,2991.32
2023,2,Bilaspur Division,Millets,1846.64
2023,2,Surguja Division,Mustard,3093.62
2023,2,Sarangarh-Bilaigarh Division,Niger,4138.97
2023,2,Sarangarh-Bilaigarh Division,Pea,2540.72
2023,2,Sarangarh-Bilaigarh Division,Rice,108.74
2023,2,Surguja Division,Soybean,2721.01
2023,2,Balod Division,Summer Paddy,1539.19
2023,2,Balod Division,Til,107.54
2023,2,Bilaspur Division,Tiwra,2412.66
2023,2,Sarangarh-Bilaigarh Division,Urd,3641.64
2023,2,Bilaspur Division,Wheat,1748.2
2023,2,Balod Division,pea,2017.17
2023,3,Bilaspur Division,Arhar,3782.64
2023,3,Surguja Division,Gram,3263.68
2023,3,Sarangarh-Bilaigarh Division,Groundnut,2694.39
2023,3,Surguja Division,Jwar,116.61
2023,3,Bilaspur Division,Kulthi,1273.71
2023,3,Sarangarh-Bilaigarh Division,Maize,1375.31
2023,3,Bilaspur Division,Masoor,3009.42
2023,3,Bilaspur Division,Millets,1806.41
2023,3,Surguja Division,Mustard,3023.49
2023,3,Balod Division,Niger,3805.94
2023,3,Bilaspur Division,Pea,2233.97
2023,3,Raipur Division,Rice,152.1
2023,3,Raipur Division,Soybean,2522.84
2023,3,Surguja Division,Summer Paddy,1563.84
2023,3,Balod Division,Til,3544.68
2023,3,Sarangarh-Bilaigarh Division,Tiwra,2399.15
2023,3,Balod Division,Urd,3495.44
2023,3,Bilaspur Division,Wheat,1698.74
2023,3,Sarangarh-Bilaigarh Division,pea,2062.94
2023,4,Raipur Division,Arhar,4126.43
2023,4,Balod Division,Gram,3756.35
2023,4,Bilaspur Division,Groundnut,134.54
2023,4,Sarangarh-Bilaigarh Division,Jwar,146.37
2023,4,Sarangarh-Bilaigarh Division,Kulthi,119.59
2023,4,Raipur Division,Maize,1429.72
2023,4,Bilaspur Division,Masoor,2792.66
2023,4,Bilaspur Division,Millets,1984.05
2023,4,Raipur Division,Mustard,3295.24
2023,4,Balod Division,Niger,126.55
2023,4,Balod Division,Pea,2323.5
2023,4,Surguja Division,Rice,230.96
2023,4,Raipur Division,Soybean,2973.15
2023,4,Bilaspur Division,Summer Paddy,1579.29
2023,4,Bilaspur Division,Til,164.06
2023,4,Raipur Division,Tiwra,2504.28
2023,4,Balod Division,Urd,111.19
2023,4,Raipur Division,Wheat,1767.54
2023,4,Bilaspur Division,pea,3197.72
2023,5,Surguja Division,Arhar,5294.12
2023,5,Bilaspur Division,Gram,3042.02
2023,5,Balod Division,Groundnut,148.09
2023,5,Sarangarh-Bilaigarh Division,Jwar,175.85
2023,5,Raipur Division,Kulthi,103.93
2023,5,Sarangarh-Bilaigarh Division,Maize,1531.73
2023,5,Surguja Division,Masoor,3002.74
2023,5,Sarangarh-Bilaigarh Division,Millets,1920.72
2023,5,Surguja Division,Mustard,3062.65
2023,5,Surguja Division,Niger,6458.35
2023,5,Bilaspur Division,Pea,3316.28
2023,5,Sarangarh-Bilaigarh Division,Rice,143.46
2023,5,Balod Division,Soybean,167.82
2023,5,Sarangarh-Bilaigarh Division,Summer Paddy,1489.73
2023,5,Bilaspur Division,Til,5770.86
2023,5,Surguja Division,Tiwra,2527.08
2023,5,Sarangarh-Bilaigarh Division,Urd,178.13
2023,5,Sarangarh-Bilaigarh Division,Wheat,1779.63
2023,5,Bilaspur Division,pea,2655.67
2023,6,Sarangarh-Bilaigarh Division,Arhar,3918.48
2023,6,Balod Division,Gram,3219.72
2023,6,Surguja Division,Groundnut,172.26
2023,6,Sarangarh-Bilaigarh Division,Jwar,228.18
2023,6,Sarangarh-Bilaigarh Division,Kulthi,73.32
2023,6,Sarangarh-Bilaigarh Division,Maize,1557.24
2023,6,Raipur Division,Masoor,2934.11
2023,6,Sarangarh-Bilaigarh Division,Millets,2160.56
2023,6,Surguja Division,Mustard,2965.63
2023,6,Balod Division,Niger,153.17
2023,6,Surguja Division,Pea,151.98
2023,6,Raipur Division,Rice,164.46
2023,6,Balod Division,Soybean,102.09
2023,6,Balod Division,Summer Paddy,1500.35
2023,6,Surguja Division,Til,212.31
2023,6,Bilaspur Division,Tiwra,2640.35
2023,6,Bilaspur Division,Urd,2592.75
2023,6,Sarangarh-Bilaigarh Division,Wheat,1838.35
2023,6,Surguja Division,pea,120.86
2023,7,Balod Division,Arhar,3705.62
2023,7,Sarangarh-Bilaigarh Division,Gram,2643.65
2023,7,Bilaspur Division,Groundnut,122.45
2023,7,Balod Division,Jwar,178.6
2023,7,Sarangarh-Bilaigarh Division,Kulthi,3828.09
2023,7,Bilaspur Division,Maize,1376.91
2023,7,Sarangarh-Bilaigarh Division,Masoor,3509.24
2023,7,Bilaspur Division,Millets,1839.89
2023,7,Bilaspur Division,Mustard,2920.72
2023,7,Surguja Division,Niger,78.69
2023,7,Balod Division,Pea,2009.42
2023,7,Bilaspur Division,Rice,127.12
2023,7,Sarangarh-Bilaigarh Division,Soybean,2772.59
2023,7,Raipur Division,Summer Paddy,1516.59
2023,7,Bilaspur Division,Til,142.57
2023,7,Surguja Division,Tiwra,2437.44
2023,7,Bilaspur Division,Urd,4985.11
2023,7,Surguja Division,Wheat,1842.32
2023,7,Sarangarh-Bilaigarh Division,pea,131.48
2023,8,Bilaspur Division,Arhar,3943.35
2023,8,Raipur Division,Gram,3917.89
2023,8,Raipur Division,Groundnut,97.9
2023,8,Raipur Division,Jwar,78.64
2023,8,Sarangarh-Bilaigarh Division,Kulthi,195.03
2023,8,Sarangarh-Bilaigarh Division,Maize,1409.13
2023,8,Balod Division,Masoor,3180.01
2023,8,Raipur Division,Millets,2021.53
2023,8,Surguja Division,Mustard,2980.6
2023,8,Surguja Division,Niger,164.08
2023,8,Surguja Division,Pea,1656.94
2023,8,Surguja Division,Rice,1510.09
2023,8,Bilaspur Division,Soybean,182.39
2023,8,Sarangarh-Bilaigarh Division,Summer Paddy,1630.47
2023,8,Surguja Division,Til,219.25
2023,8,Raipur Division,Tiwra,2556.82
2023,8,Sarangarh-Bilaigarh Division,Urd,174.17
2023,8,Surguja Division,Wheat,1867.46
2023,8,Balod Division,pea,175.01
2023,9,Balod Division,Arhar,4430.6
2023,9,Sarangarh-Bilaigarh Division,Gram,3582.35
2023,9,Surguja Division,Groundnut,146.46
2023,9,Sarangarh-Bilaigarh Division,Jwar,188.49
2023,9,Sarangarh-Bilaigarh Division,Kulthi,4139.98
2023,9,Surguja Division,Maize,1425.05
2023,9,Balod Division,Masoor,2979.88
2023,9,Balod Division,Millets,2237.5
2023,9,Balod Division,Mustard,3710.66
2023,9,Balod Division,Niger,74.03
2023,9,Surguja Division,Pea,202.34
2023,9,Raipur Division,Rice,186.54
2023,9,Bilaspur Division,Soybean,2710.71
2023,9,Sarangarh-Bilaigarh Division,Summer Paddy,1565.04
2023,9,Raipur Division,Til,5981.49
2023,9,Balod Division,Tiwra,2720.48
2023,9,Balod Division,Urd,2653.19
2023,9,Bilaspur Division,Wheat,1802.31
2023,9,Sarangarh-Bilaigarh Division,pea,189.52
2023,10,Bilaspur Division,Arhar,3997.65
2023,10,Raipur Division,Gram,4045.83
2023,10,Surguja Division,Groundnut,4335.96
2023,10,Surguja Division,Jwar,155.93
2023,10,Sarangarh-Bilaigarh Division,Kulthi,120.68
2023,10,Sarangarh-Bilaigarh Division,Maize,1383.42
2023,10,Sarangarh-Bilaigarh Division,Masoor,3028.68
2023,10,Sarangarh-Bilaigarh Division,Millets,1622.59
2023,10,Balod Division,Mustard,3123.02
2023,10,Surguja Division,Niger,195.4
2023,10,Raipur Division,Pea,2228.45
2023,10,Sarangarh-Bilaigarh Division,Rice,178.86
2023,10,Balod Division,Soybean,2682.12
2023,10,Sarangarh-Bilaigarh Division,Summer Paddy,1588.49
2023,10,Bilaspur Division,Til,108.65
2023,10,Balod Division,Tiwra,2645.28
2023,10,Raipur Division,Urd,64.31
2023,10,Balod Division,Wheat,1929.55
2023,10,Balod Division,pea,195.78
2023,11,Bilaspur Division,Arhar,2499.81
2023,11,Sarangarh-Bilaigarh Division,Gram,3655.78
2023,11,Bilaspur Division,Groundnut,3965.39
2023,11,Balod Division,Jwar,189.31
2023,11,Balod Division,Kulthi,240.43
2023,11,Sarangarh-Bilaigarh Division,Maize,1508.11
2023,11,Sarangarh-Bilaigarh Division,Masoor,2510.86
2023,11,Surguja Division,Millets,1752.97
2023,11,Surguja Division,Mustard,3719.08
2023,11,Raipur Division,Niger,2647.52
2023,11,Surguja Division,Pea,3700.21
2023,11,Raipur Division,Rice,209.47
2023,11,Raipur Division,Soybean,3050.94
2023,11,Bilaspur Division,Summer Paddy,1644.91
2023,11,Raipur Division,Til,87.13
2023,11,Sarangarh-Bilaigarh Division,Tiwra,2304.73
2023,11,Raipur Division,Urd,1087.78
2023,11,Surguja Division,Wheat,1972.71
2023,11,Sarangarh-Bilaigarh Division,pea,3934.09
2023,12,Balod Division,Arhar,3788.03
2023,12,Raipur Division,Gram,3693.97
2023,12,Sarangarh-Bilaigarh Division,Groundnut,101.59
2023,12,Raipur Division,Jwar,130.21
2023,12,Surguja Division,Kulthi,159.03
2023,12,Raipur Division,Maize,1376.13
2023,12,Raipur Division,Masoor,2875.46
2023,12,Raipur Division,Millets,1568.05
2023,12,Raipur Division,Mustard,3276.85
2023,12,Surguja Division,Niger,147.94
2023,12,Raipur Division,Pea,2462.68
2023,12,Surguja Division,Rice,121.37
2023,12,Sarangarh-Bilaigarh Division,Soybean,2635.88
2023,12,Bilaspur Division,Summer Paddy,1695.31
2023,12,Bilaspur Division,Til,4037.19
2023,12,Balod Division,Tiwra,2322.36
2023,12,Balod Division,Urd,132.54
2023,12,Balod Division,Wheat,1755.65
2023,12,Raipur Division,pea,2284.31
2024,1,Sarangarh-Bilaigarh Division,Arhar,4235.1
2024,1,Balod Division,Gram,3215.14
2024,1,Balod Division,Groundnut,5987.15
2024,1,Surguja Division,Jwar,152.02
2024,1,Bilaspur Division,Kulthi,3196.99
2024,1,Raipur Division,Maize,1465.84
2024,1,Balod Division,Masoor,2849.14
2024,1,Sarangarh-Bilaigarh Division,Millets,1716.2
2024,1,Bilaspur Division,Mustard,3011.31
2024,1,Surguja Division,Niger,4133.93
2024,1,Bilaspur Division,Pea,4393.22
2024,1,Bilaspur Division,Rice,139.92
2024,1,Balod Division,Soybean,3032.29
2024,1,Surguja Division,Summer Paddy,1643.18
2024,1,Bilaspur Division,Til,2848.13
2024,1,Surguja Division,Tiwra,2106.59
2024,1,Balod Division,Urd,784.18
2024,1,Surguja Division,Wheat,1747.41
2024,1,Surguja Division,pea,1880.19
2024,2,Surguja Division,Arhar,4438.99
2024,2,Sarangarh-Bilaigarh Division,Gram,3585.74
2024,2,Sarangarh-Bilaigarh Division,Groundnut,3955.46
2024,2,Balod Division,Jwar,1468.93
2024,2,Bilaspur Division,Kulthi,109.95
2024,2,Raipur Division,Maize,1438.54
2024,2,Bilaspur Division,Masoor,2994.12
2024,2,Balod Division,Millets,1851.66
2024,2,Raipur Division,Mustard,3136.96
2024,2,Bilaspur Division,Niger,4165.93
2024,2,Bilaspur Division,Pea,2528.44
2024,2,Raipur Division,Rice,76.2
2024,2,Sarangarh-Bilaigarh Division,Soybean,2691.51
2024,2,Balod Division,Summer Paddy,1578.62
2024,2,Raipur Division,Til,134.06
2024,2,Surguja Division,Tiwra,2384.48
2024,2,Bilaspur Division,Urd,3578.34
2024,2,Balod Division,Wheat,1739.22
2024,2,Bilaspur Division,pea,2016.05
2024,3,Surguja Division,Arhar,3779.57
2024,3,Balod Division,Gram,3239.28
2024,3,Sarangarh-Bilaigarh Division,Groundnut,2674.42
2024,3,Balod Division,Jwar,94.89
2024,3,Surguja Division,Kulthi,1345.24
2024,3,Balod Division,Maize,1375.69
2024,3,Bilaspur Division,Masoor,2939.53
2024,3,Sarangarh-Bilaigarh Division,Millets,1755.73
2024,3,Balod Division,Mustard,2940.45
2024,3,Surguja Division,Niger,3849.46
2024,3,Raipur Division,Pea,2289.12
2024,3,Surguja Division,Rice,153.11
2024,3,Bilaspur Division,Soybean,2468.53
2024,3,Raipur Division,Summer Paddy,1542.68
2024,3,Raipur Division,Til,3483.04
2024,3,Raipur Division,Tiwra,2368.64
2024,3,Sarangarh-Bilaigarh Division,Urd,3548.4
2024,3,Sarangarh-Bilaigarh Division,Wheat,1708.49
2024,3,Raipur Division,pea,2060.43
2024,4,Balod Division,Arhar,4152.41
2024,4,Surguja Division,Gram,3757.4
2024,4,Bilaspur Division,Groundnut,151.92
2024,4,Sarangarh-Bilaigarh Division,Jwar,58.09
2024,4,Raipur Division,Kulthi,88.66
2024,4,Raipur Division,Maize,1391.54
2024,4,Sarangarh-Bilaigarh Division,Masoor,2842.21
2024,4,Sarangarh-Bilaigarh Division,Millets,1967.71
2024,4,Bilaspur Division,Mustard,3294.14
2024,4,Bilaspur Division,Niger,182.8
2024,4,Surguja Division,Pea,2323.69
2024,4,Raipur Division,Rice,116.85
2024,4,Bilaspur Division,Soybean,3017.75
2024,4,Surguja Division,Summer Paddy,1534.16
2024,4,Sarangarh-Bilaigarh Division,Til,85.33
2024,4,Raipur Division,Tiwra,2568.06
2024,4,Balod Division,Urd,173.32
2024,4,Surguja Division,Wheat,1711.26
2024,4,Raipur Division,pea,3201.96
2024,5,Balod Division,Arhar,5335.32
2024,5,Balod Division,Gram,3069.25
2024,5,Sarangarh-Bilaigarh Division,Groundnut,149.84
2024,5,Balod Division,Jwar,108.99
2024,5,Raipur Division,Kulthi,234.73
2024,5,Balod Division,Maize,1495.96
2024,5,Surguja Division,Masoor,3055.61
2024,5,Sarangarh-Bilaigarh Division,Millets,1975.37
2024,5,Sarangarh-Bilaigarh Division,Mustard,3067.55
2024,5,Sarangarh-Bilaigarh Division,Niger,6549.41
2024,5,Sarangarh-Bilaigarh Division,Pea,3323.02
2024,5,Surguja Division,Rice,106.16
2024,5,Raipur Division,Soybean,106.38
2024,5,Balod Division,Summer Paddy,1543.66
2024,5,Surguja Division,Til,5809.38
2024,5,Raipur Division,Tiwra,2516.65
2024,5,Balod Division,Urd,128.04
2024,5,Balod Division,Wheat,1821.61
2024,5,Balod Division,pea,2685.48
2024,6,Bilaspur Division,Arhar,3864.33
2024,6,Balod Division,Gram,3176.12
2024,6,Raipur Division,Groundnut,165.71
2024,6,Surguja Division,Jwar,184.51
2024,6,Surguja Division,Kulthi,125.78
2024,6,Surguja Division,Maize,1496.09
2024,6,Sarangarh-Bilaigarh Division,Masoor,2971.37
2024,6,Raipur Division,Millets,2181.9
2024,6,Raipur Division,Mustard,2999.62
2024,6,Raipur Division,Niger,83.39
2024,6,Balod Division,Pea,202.63
2024,6,Surguja Division,Rice,106.31
2024,6,Bilaspur Division,Soybean,157.61
2024,6,Surguja Division,Summer Paddy,1467.93
2024,6,Raipur Division,Til,71.89
2024,6,Sarangarh-Bilaigarh Division,Tiwra,2609.09
2024,6,Bilaspur Division,Urd,2639.07
2024,6,Bilaspur Division,Wheat,1834.51
2024,6,Balod Division,pea,140.74
2024,7,Raipur Division,Arhar,3707.21
2024,7,Balod Division,Gram,2599.8
2024,7,Sarangarh-Bilaigarh Division,Groundnut,167.54
2024,7,Raipur Division,Jwar,164.31
2024,7,Bilaspur Division,Kulthi,3756.74
2024,7,Raipur Division,Maize,1324.82
2024,7,Bilaspur Division,Masoor,3576.23
2024,7,Raipur Division,Millets,1832.51
2024,7,Sarangarh-Bilaigarh Division,Mustard,2854.79
2024,7,Surguja Division,Niger,132.57
2024,7,Raipur Division,Pea,1980.88
2024,7,Bilaspur Division,Rice,145.29
2024,7,Balod Division,Soybean,2800.74
2024,7,Surguja Division,Summer Paddy,1560.6
2024,7,Sarangarh-Bilaigarh Division,Til,219.36
2024,7,Surguja Division,Tiwra,2464.5
2024,7,Bilaspur Division,Urd,5033.59
2024,7,Surguja Division,Wheat,1810.44
2024,7,Balod Division,pea,78.03
2024,8,Raipur Division,Arhar,3938.76
2024,8,Balod Division,Gram,3847.07
2024,8,Surguja Division,Groundnut,73.41
2024,8,Surguja Division,Jwar,141.4
2024,8,Raipur Division,Kulthi,157.26
2024,8,Sarangarh-Bilaigarh Division,Maize,1412.64
2024,8,Surguja Division,Masoor,3210.12
2024,8,Bilaspur Division,Millets,2003.19
2024,8,Raipur Division,Mustard,2915.19
2024,8,Sarangarh-Bilaigarh Division,Niger,102.43
2024,8,Bilaspur Division,Pea,1746.52
2024,8,Bilaspur Division,Rice,1507.51
2024,8,Bilaspur Division,Soybean,159.31
2024,8,Balod Division,Summer Paddy,1574.07
2024,8,Sarangarh-Bilaigarh Division,Til,147.74
2024,8,Balod Division,Tiwra,2473.75
2024,8,Raipur Division,Urd,162.15
2024,8,Balod Division,Wheat,1924.88
2024,8,Raipur Division,pea,179.93
2024,9,Balod Division,Arhar,4450.05
2024,9,Balod Division,Gram,3574.85
2024,9,Sarangarh-Bilaigarh Division,Groundnut,158.56
2024,9,Raipur Division,Jwar,166.12
2024,9,Balod Division,Kulthi,4153.51
2024,9,Sarangarh-Bilaigarh Division,Maize,1350.29
2024,9,Bilaspur Division,Masoor,3044.5
2024,9,Surguja Division,Millets,2270.32
2024,9,Raipur Division,Mustard,3741.94
2024,9,Balod Division,Niger,113.05
2024,9,Bilaspur Division,Pea,74.08
2024,9,Surguja Division,Rice,158.97
2024,9,Surguja Division,Soybean,2718.27
2024,9,Balod Division,Summer Paddy,1623.66
2024,9,Sarangarh-Bilaigarh Division,Til,5978.94
2024,9,Balod Division,Tiwra,2717.83
2024,9,Surguja Division,Urd,2670.5
2024,9,Sarangarh-Bilaigarh Division,Wheat,1858.23
2024,9,Balod Division,pea,72.25
2024,10,Balod Division,Arhar,4045.95
2024,10,Sarangarh-Bilaigarh Division,Gram,4025.01
2024,10,Balod Division,Groundnut,4333.64
2024,10,Surguja Division,Jwar,153.78
2024,10,Surguja Division,Kulthi,161.54
2024,10,Balod Division,Maize,1405.46
2024,10,Balod Division,Masoor,3024.27
2024,10,Balod Division,Millets,1663.89
2024,10,Surguja Division,Mustard,3142.22
2024,10,Raipur Division,Niger,94.35
2024,10,Bilaspur Division,Pea,2240.78
2024,10,Bilaspur Division,Rice,150.86
2024,10,Bilaspur Division,Soybean,2725.64
2024,10,Balod Division,Summer Paddy,1596.35
2024,10,Surguja Division,Til,157.38
2024,10,Surguja Division,Tiwra,2631.43
2024,10,Sarangarh-Bilaigarh Division,Urd,202.0
2024,10,Sarangarh-Bilaigarh Division,Wheat,1923.74
2024,10,Surguja Division,pea,146.12
2024,11,Surguja Division,Arhar,2453.33
2024,11,Surguja Division,Gram,3666.59
2024,11,Balod Division,Groundnut,3975.0
2024,11,Raipur Division,Jwar,182.04
2024,11,Surguja Division,Kulthi,137.87
2024,11,Balod Division,Maize,1527.45
2024,11,Bilaspur Division,Masoor,2539.87
2024,11,Raipur Division,Millets,1713.74
2024,11,Bilaspur Division,Mustard,3692.11
2024,11,Sarangarh-Bilaigarh Division,Niger,2601.29
2024,11,Bilaspur Division,Pea,3704.64
2024,11,Raipur Division,Rice,193.1
2024,11,Sarangarh-Bilaigarh Division,Soybean,2983.5
2024,11,Balod Division,Summer Paddy,1609.15
2024,11,Raipur Division,Til,113.83
2024,11,Raipur Division,Tiwra,2302.14
2024,11,Bilaspur Division,Urd,1066.78
2024,11,Balod Division,Wheat,1945.54
2024,11,Bilaspur Division,pea,3989.77
2024,12,Raipur Division,Arhar,3792.78
2024,12,Sarangarh-Bilaigarh Division,Gram,3734.57
2024,12,Bilaspur Division,Groundnut,131.7
2024,12,Raipur Division,Jwar,132.93
2024,12,Sarangarh-Bilaigarh Division,Kulthi,152.59
2024,12,Bilaspur Division,Maize,1287.47
2024,12,Bilaspur Division,Masoor,2807.45
2024,12,Raipur Division,Millets,1589.18
2024,12,Bilaspur Division,Mustard,3261.89
2024,12,Raipur Division,Niger,161.98
2024,12,Bilaspur Division,Pea,2537.75
2024,12,Bilaspur Division,Rice,137.59
2024,12,Bilaspur Division,Soybean,2668.5
2024,12,Sarangarh-Bilaigarh Division,Summer Paddy,1772.7
2024,12,Bilaspur Division,Til,4048.69
2024,12,Bilaspur Division,Tiwra,2364.55
2024,12,Raipur Division,Urd,145.49
2024,12,Surguja Division,Wheat,1752.54
2024,12,Raipur Division,pea,2245.38
